File_Name,Actor,Gender,Emotion,Intensity,Statement,Repetition
03-01-01-01-01-01-01.wav,1,M,neutral,normal,1,1
03-01-01-01-01-02-01.wav,1,M,neutral,normal,1,2
03-01-01-01-02-01-01.wav,1,M,neutral,normal,2,1
03-01-01-01-02-02-01.wav,1,M,neutral,normal,2,2
03-01-02-01-01-01-01.wav,1,M,calm,normal,1,1
03-01-02-01-01-02-01.wav,1,M,calm,normal,1,2
03-01-02-01-02-01-01.wav,1,M,calm,normal,2,1
03-01-02-01-02-02-01.wav,1,M,calm,normal,2,2
03-01-02-02-01-01-01.wav,1,M,calm,strong,1,1
03-01-02-02-01-02-01.wav,1,M,calm,strong,1,2
03-01-02-02-02-01-01.wav,1,M,calm,strong,2,1
03-01-02-02-02-02-01.wav,1,M,calm,strong,2,2
03-01-03-01-01-01-01.wav,1,M,happy,normal,1,1
03-01-03-01-01-02-01.wav,1,M,happy,normal,1,2
03-01-03-01-02-01-01.wav,1,M,happy,normal,2,1
03-01-03-01-02-02-01.wav,1,M,happy,normal,2,2
03-01-03-02-01-01-01.wav,1,M,happy,strong,1,1
03-01-03-02-01-02-01.wav,1,M,happy,strong,1,2
03-01-03-02-02-01-01.wav,1,M,happy,strong,2,1
03-01-03-02-02-02-01.wav,1,M,happy,strong,2,2
03-01-04-01-01-01-01.wav,1,M,sad,normal,1,1
03-01-04-01-01-02-01.wav,1,M,sad,normal,1,2
03-01-04-01-02-01-01.wav,1,M,sad,normal,2,1
03-01-04-01-02-02-01.wav,1,M,sad,normal,2,2
03-01-04-02-01-01-01.wav,1,M,sad,strong,1,1
03-01-04-02-01-02-01.wav,1,M,sad,strong,1,2
03-01-04-02-02-01-01.wav,1,M,sad,strong,2,1
03-01-04-02-02-02-01.wav,1,M,sad,strong,2,2
03-01-05-01-01-01-01.wav,1,M,angry,normal,1,1
03-01-05-01-01-02-01.wav,1,M,angry,normal,1,2
03-01-05-01-02-01-01.wav,1,M,angry,normal,2,1
03-01-05-01-02-02-01.wav,1,M,angry,normal,2,2
03-01-05-02-01-01-01.wav,1,M,angry,strong,1,1
03-01-05-02-01-02-01.wav,1,M,angry,strong,1,2
03-01-05-02-02-01-01.wav,1,M,angry,strong,2,1
03-01-05-02-02-02-01.wav,1,M,angry,strong,2,2
03-01-06-01-01-01-01.wav,1,M,fearful,normal,1,1
03-01-06-01-01-02-01.wav,1,M,fearful,normal,1,2
03-01-06-01-02-01-01.wav,1,M,fearful,normal,2,1
03-01-06-01-02-02-01.wav,1,M,fearful,normal,2,2
03-01-06-02-01-01-01.wav,1,M,fearful,strong,1,1
03-01-06-02-01-02-01.wav,1,M,fearful,strong,1,2
03-01-06-02-02-01-01.wav,1,M,fearful,strong,2,1
03-01-06-02-02-02-01.wav,1,M,fearful,strong,2,2
03-01-07-01-01-01-01.wav,1,M,disgust,normal,1,1
03-01-07-01-01-02-01.wav,1,M,disgust,normal,1,2
03-01-07-01-02-01-01.wav,1,M,disgust,normal,2,1
03-01-07-01-02-02-01.wav,1,M,disgust,normal,2,2
03-01-07-02-01-01-01.wav,1,M,disgust,strong,1,1
03-01-07-02-01-02-01.wav,1,M,disgust,strong,1,2
03-01-07-02-02-01-01.wav,1,M,disgust,strong,2,1
03-01-07-02-02-02-01.wav,1,M,disgust,strong,2,2
03-01-08-01-01-01-01.wav,1,M,surprised,normal,1,1
03-01-08-01-01-02-01.wav,1,M,surprised,normal,1,2
03-01-08-01-02-01-01.wav,1,M,surprised,normal,2,1
03-01-08-01-02-02-01.wav,1,M,surprised,normal,2,2
03-01-08-02-01-01-01.wav,1,M,surprised,strong,1,1
03-01-08-02-01-02-01.wav,1,M,surprised,strong,1,2
03-01-08-02-02-01-01.wav,1,M,surprised,strong,2,1
03-01-08-02-02-02-01.wav,1,M,surprised,strong,2,2
03-01-01-01-01-01-02.wav,2,F,neutral,normal,1,1
03-01-01-01-01-02-02.wav,2,F,neutral,normal,1,2
03-01-01-01-02-01-02.wav,2,F,neutral,normal,2,1
03-01-01-01-02-02-02.wav,2,F,neutral,normal,2,2
03-01-02-01-01-01-02.wav,2,F,calm,normal,1,1
03-01-02-01-01-02-02.wav,2,F,calm,normal,1,2
03-01-02-01-02-01-02.wav,2,F,calm,normal,2,1
03-01-02-01-02-02-02.wav,2,F,calm,normal,2,2
03-01-02-02-01-01-02.wav,2,F,calm,strong,1,1
03-01-02-02-01-02-02.wav,2,F,calm,strong,1,2
03-01-02-02-02-01-02.wav,2,F,calm,strong,2,1
03-01-02-02-02-02-02.wav,2,F,calm,strong,2,2
03-01-03-01-01-01-02.wav,2,F,happy,normal,1,1
03-01-03-01-01-02-02.wav,2,F,happy,normal,1,2
03-01-03-01-02-01-02.wav,2,F,happy,normal,2,1
03-01-03-01-02-02-02.wav,2,F,happy,normal,2,2
03-01-03-02-01-01-02.wav,2,F,happy,strong,1,1
03-01-03-02-01-02-02.wav,2,F,happy,strong,1,2
03-01-03-02-02-01-02.wav,2,F,happy,strong,2,1
03-01-03-02-02-02-02.wav,2,F,happy,strong,2,2
03-01-04-01-01-01-02.wav,2,F,sad,normal,1,1
03-01-04-01-01-02-02.wav,2,F,sad,normal,1,2
03-01-04-01-02-01-02.wav,2,F,sad,normal,2,1
03-01-04-01-02-02-02.wav,2,F,sad,normal,2,2
03-01-04-02-01-01-02.wav,2,F,sad,strong,1,1
03-01-04-02-01-02-02.wav,2,F,sad,strong,1,2
03-01-04-02-02-01-02.wav,2,F,sad,strong,2,1
03-01-04-02-02-02-02.wav,2,F,sad,strong,2,2
03-01-05-01-01-01-02.wav,2,F,angry,normal,1,1
03-01-05-01-01-02-02.wav,2,F,angry,normal,1,2
03-01-05-01-02-01-02.wav,2,F,angry,normal,2,1
03-01-05-01-02-02-02.wav,2,F,angry,normal,2,2
03-01-05-02-01-01-02.wav,2,F,angry,strong,1,1
03-01-05-02-01-02-02.wav,2,F,angry,strong,1,2
03-01-05-02-02-01-02.wav,2,F,angry,strong,2,1
03-01-05-02-02-02-02.wav,2,F,angry,strong,2,2
03-01-06-01-01-01-02.wav,2,F,fearful,normal,1,1
03-01-06-01-01-02-02.wav,2,F,fearful,normal,1,2
03-01-06-01-02-01-02.wav,2,F,fearful,normal,2,1
03-01-06-01-02-02-02.wav,2,F,fearful,normal,2,2
03-01-06-02-01-01-02.wav,2,F,fearful,strong,1,1
03-01-06-02-01-02-02.wav,2,F,fearful,strong,1,2
03-01-06-02-02-01-02.wav,2,F,fearful,strong,2,1
03-01-06-02-02-02-02.wav,2,F,fearful,strong,2,2
03-01-07-01-01-01-02.wav,2,F,disgust,normal,1,1
03-01-07-01-01-02-02.wav,2,F,disgust,normal,1,2
03-01-07-01-02-01-02.wav,2,F,disgust,normal,2,1
03-01-07-01-02-02-02.wav,2,F,disgust,normal,2,2
03-01-07-02-01-01-02.wav,2,F,disgust,strong,1,1
03-01-07-02-01-02-02.wav,2,F,disgust,strong,1,2
03-01-07-02-02-01-02.wav,2,F,disgust,strong,2,1
03-01-07-02-02-02-02.wav,2,F,disgust,strong,2,2
03-01-08-01-01-01-02.wav,2,F,surprised,normal,1,1
03-01-08-01-01-02-02.wav,2,F,surprised,normal,1,2
03-01-08-01-02-01-02.wav,2,F,surprised,normal,2,1
03-01-08-01-02-02-02.wav,2,F,surprised,normal,2,2
03-01-08-02-01-01-02.wav,2,F,surprised,strong,1,1
03-01-08-02-01-02-02.wav,2,F,surprised,strong,1,2
03-01-08-02-02-01-02.wav,2,F,surprised,strong,2,1
03-01-08-02-02-02-02.wav,2,F,surprised,strong,2,2
03-01-01-01-01-01-03.wav,3,M,neutral,normal,1,1
03-01-01-01-01-02-03.wav,3,M,neutral,normal,1,2
03-01-01-01-02-01-03.wav,3,M,neutral,normal,2,1
03-01-01-01-02-02-03.wav,3,M,neutral,normal,2,2
03-01-02-01-01-01-03.wav,3,M,calm,normal,1,1
03-01-02-01-01-02-03.wav,3,M,calm,normal,1,2
03-01-02-01-02-01-03.wav,3,M,calm,normal,2,1
03-01-02-01-02-02-03.wav,3,M,calm,normal,2,2
03-01-02-02-01-01-03.wav,3,M,calm,strong,1,1
03-01-02-02-01-02-03.wav,3,M,calm,strong,1,2
03-01-02-02-02-01-03.wav,3,M,calm,strong,2,1
03-01-02-02-02-02-03.wav,3,M,calm,strong,2,2
03-01-03-01-01-01-03.wav,3,M,happy,normal,1,1
03-01-03-01-01-02-03.wav,3,M,happy,normal,1,2
03-01-03-01-02-01-03.wav,3,M,happy,normal,2,1
03-01-03-01-02-02-03.wav,3,M,happy,normal,2,2
03-01-03-02-01-01-03.wav,3,M,happy,strong,1,1
03-01-03-02-01-02-03.wav,3,M,happy,strong,1,2
03-01-03-02-02-01-03.wav,3,M,happy,strong,2,1
03-01-03-02-02-02-03.wav,3,M,happy,strong,2,2
03-01-04-01-01-01-03.wav,3,M,sad,normal,1,1
03-01-04-01-01-02-03.wav,3,M,sad,normal,1,2
03-01-04-01-02-01-03.wav,3,M,sad,normal,2,1
03-01-04-01-02-02-03.wav,3,M,sad,normal,2,2
03-01-04-02-01-01-03.wav,3,M,sad,strong,1,1
03-01-04-02-01-02-03.wav,3,M,sad,strong,1,2
03-01-04-02-02-01-03.wav,3,M,sad,strong,2,1
03-01-04-02-02-02-03.wav,3,M,sad,strong,2,2
03-01-05-01-01-01-03.wav,3,M,angry,normal,1,1
03-01-05-01-01-02-03.wav,3,M,angry,normal,1,2
03-01-05-01-02-01-03.wav,3,M,angry,normal,2,1
03-01-05-01-02-02-03.wav,3,M,angry,normal,2,2
03-01-05-02-01-01-03.wav,3,M,angry,strong,1,1
03-01-05-02-01-02-03.wav,3,M,angry,strong,1,2
03-01-05-02-02-01-03.wav,3,M,angry,strong,2,1
03-01-05-02-02-02-03.wav,3,M,angry,strong,2,2
03-01-06-01-01-01-03.wav,3,M,fearful,normal,1,1
03-01-06-01-01-02-03.wav,3,M,fearful,normal,1,2
03-01-06-01-02-01-03.wav,3,M,fearful,normal,2,1
03-01-06-01-02-02-03.wav,3,M,fearful,normal,2,2
03-01-06-02-01-01-03.wav,3,M,fearful,strong,1,1
03-01-06-02-01-02-03.wav,3,M,fearful,strong,1,2
03-01-06-02-02-01-03.wav,3,M,fearful,strong,2,1
03-01-06-02-02-02-03.wav,3,M,fearful,strong,2,2
03-01-07-01-01-01-03.wav,3,M,disgust,normal,1,1
03-01-07-01-01-02-03.wav,3,M,disgust,normal,1,2
03-01-07-01-02-01-03.wav,3,M,disgust,normal,2,1
03-01-07-01-02-02-03.wav,3,M,disgust,normal,2,2
03-01-07-02-01-01-03.wav,3,M,disgust,strong,1,1
03-01-07-02-01-02-03.wav,3,M,disgust,strong,1,2
03-01-07-02-02-01-03.wav,3,M,disgust,strong,2,1
03-01-07-02-02-02-03.wav,3,M,disgust,strong,2,2
03-01-08-01-01-01-03.wav,3,M,surprised,normal,1,1
03-01-08-01-01-02-03.wav,3,M,surprised,normal,1,2
03-01-08-01-02-01-03.wav,3,M,surprised,normal,2,1
03-01-08-01-02-02-03.wav,3,M,surprised,normal,2,2
03-01-08-02-01-01-03.wav,3,M,surprised,strong,1,1
03-01-08-02-01-02-03.wav,3,M,surprised,strong,1,2
03-01-08-02-02-01-03.wav,3,M,surprised,strong,2,1
03-01-08-02-02-02-03.wav,3,M,surprised,strong,2,2
03-01-01-01-01-01-04.wav,4,F,neutral,normal,1,1
03-01-01-01-01-02-04.wav,4,F,neutral,normal,1,2
03-01-01-01-02-01-04.wav,4,F,neutral,normal,2,1
03-01-01-01-02-02-04.wav,4,F,neutral,normal,2,2
03-01-02-01-01-01-04.wav,4,F,calm,normal,1,1
03-01-02-01-01-02-04.wav,4,F,calm,normal,1,2
03-01-02-01-02-01-04.wav,4,F,calm,normal,2,1
03-01-02-01-02-02-04.wav,4,F,calm,normal,2,2
03-01-02-02-01-01-04.wav,4,F,calm,strong,1,1
03-01-02-02-01-02-04.wav,4,F,calm,strong,1,2
03-01-02-02-02-01-04.wav,4,F,calm,strong,2,1
03-01-02-02-02-02-04.wav,4,F,calm,strong,2,2
03-01-03-01-01-01-04.wav,4,F,happy,normal,1,1
03-01-03-01-01-02-04.wav,4,F,happy,normal,1,2
03-01-03-01-02-01-04.wav,4,F,happy,normal,2,1
03-01-03-01-02-02-04.wav,4,F,happy,normal,2,2
03-01-03-02-01-01-04.wav,4,F,happy,strong,1,1
03-01-03-02-01-02-04.wav,4,F,happy,strong,1,2
03-01-03-02-02-01-04.wav,4,F,happy,strong,2,1
03-01-03-02-02-02-04.wav,4,F,happy,strong,2,2
03-01-04-01-01-01-04.wav,4,F,sad,normal,1,1
03-01-04-01-01-02-04.wav,4,F,sad,normal,1,2
03-01-04-01-02-01-04.wav,4,F,sad,normal,2,1
03-01-04-01-02-02-04.wav,4,F,sad,normal,2,2
03-01-04-02-01-01-04.wav,4,F,sad,strong,1,1
03-01-04-02-01-02-04.wav,4,F,sad,strong,1,2
03-01-04-02-02-01-04.wav,4,F,sad,strong,2,1
03-01-04-02-02-02-04.wav,4,F,sad,strong,2,2
03-01-05-01-01-01-04.wav,4,F,angry,normal,1,1
03-01-05-01-01-02-04.wav,4,F,angry,normal,1,2
03-01-05-01-02-01-04.wav,4,F,angry,normal,2,1
03-01-05-01-02-02-04.wav,4,F,angry,normal,2,2
03-01-05-02-01-01-04.wav,4,F,angry,strong,1,1
03-01-05-02-01-02-04.wav,4,F,angry,strong,1,2
03-01-05-02-02-01-04.wav,4,F,angry,strong,2,1
03-01-05-02-02-02-04.wav,4,F,angry,strong,2,2
03-01-06-01-01-01-04.wav,4,F,fearful,normal,1,1
03-01-06-01-01-02-04.wav,4,F,fearful,normal,1,2
03-01-06-01-02-01-04.wav,4,F,fearful,normal,2,1
03-01-06-01-02-02-04.wav,4,F,fearful,normal,2,2
03-01-06-02-01-01-04.wav,4,F,fearful,strong,1,1
03-01-06-02-01-02-04.wav,4,F,fearful,strong,1,2
03-01-06-02-02-01-04.wav,4,F,fearful,strong,2,1
03-01-06-02-02-02-04.wav,4,F,fearful,strong,2,2
03-01-07-01-01-01-04.wav,4,F,disgust,normal,1,1
03-01-07-01-01-02-04.wav,4,F,disgust,normal,1,2
03-01-07-01-02-01-04.wav,4,F,disgust,normal,2,1
03-01-07-01-02-02-04.wav,4,F,disgust,normal,2,2
03-01-07-02-01-01-04.wav,4,F,disgust,strong,1,1
03-01-07-02-01-02-04.wav,4,F,disgust,strong,1,2
03-01-07-02-02-01-04.wav,4,F,disgust,strong,2,1
03-01-07-02-02-02-04.wav,4,F,disgust,strong,2,2
03-01-08-01-01-01-04.wav,4,F,surprised,normal,1,1
03-01-08-01-01-02-04.wav,4,F,surprised,normal,1,2
03-01-08-01-02-01-04.wav,4,F,surprised,normal,2,1
03-01-08-01-02-02-04.wav,4,F,surprised,normal,2,2
03-01-08-02-01-01-04.wav,4,F,surprised,strong,1,1
03-01-08-02-01-02-04.wav,4,F,surprised,strong,1,2
03-01-08-02-02-01-04.wav,4,F,surprised,strong,2,1
03-01-08-02-02-02-04.wav,4,F,surprised,strong,2,2
03-01-01-01-01-01-05.wav,5,M,neutral,normal,1,1
03-01-01-01-01-02-05.wav,5,M,neutral,normal,1,2
03-01-01-01-02-01-05.wav,5,M,neutral,normal,2,1
03-01-01-01-02-02-05.wav,5,M,neutral,normal,2,2
03-01-02-01-01-01-05.wav,5,M,calm,normal,1,1
03-01-02-01-01-02-05.wav,5,M,calm,normal,1,2
03-01-02-01-02-01-05.wav,5,M,calm,normal,2,1
03-01-02-01-02-02-05.wav,5,M,calm,normal,2,2
03-01-02-02-01-01-05.wav,5,M,calm,strong,1,1
03-01-02-02-01-02-05.wav,5,M,calm,strong,1,2
03-01-02-02-02-01-05.wav,5,M,calm,strong,2,1
03-01-02-02-02-02-05.wav,5,M,calm,strong,2,2
03-01-03-01-01-01-05.wav,5,M,happy,normal,1,1
03-01-03-01-01-02-05.wav,5,M,happy,normal,1,2
03-01-03-01-02-01-05.wav,5,M,happy,normal,2,1
03-01-03-01-02-02-05.wav,5,M,happy,normal,2,2
03-01-03-02-01-01-05.wav,5,M,happy,strong,1,1
03-01-03-02-01-02-05.wav,5,M,happy,strong,1,2
03-01-03-02-02-01-05.wav,5,M,happy,strong,2,1
03-01-03-02-02-02-05.wav,5,M,happy,strong,2,2
03-01-04-01-01-01-05.wav,5,M,sad,normal,1,1
03-01-04-01-01-02-05.wav,5,M,sad,normal,1,2
03-01-04-01-02-01-05.wav,5,M,sad,normal,2,1
03-01-04-01-02-02-05.wav,5,M,sad,normal,2,2
03-01-04-02-01-01-05.wav,5,M,sad,strong,1,1
03-01-04-02-01-02-05.wav,5,M,sad,strong,1,2
03-01-04-02-02-01-05.wav,5,M,sad,strong,2,1
03-01-04-02-02-02-05.wav,5,M,sad,strong,2,2
03-01-05-01-01-01-05.wav,5,M,angry,normal,1,1
03-01-05-01-01-02-05.wav,5,M,angry,normal,1,2
03-01-05-01-02-01-05.wav,5,M,angry,normal,2,1
03-01-05-01-02-02-05.wav,5,M,angry,normal,2,2
03-01-05-02-01-01-05.wav,5,M,angry,strong,1,1
03-01-05-02-01-02-05.wav,5,M,angry,strong,1,2
03-01-05-02-02-01-05.wav,5,M,angry,strong,2,1
03-01-05-02-02-02-05.wav,5,M,angry,strong,2,2
03-01-06-01-01-01-05.wav,5,M,fearful,normal,1,1
03-01-06-01-01-02-05.wav,5,M,fearful,normal,1,2
03-01-06-01-02-01-05.wav,5,M,fearful,normal,2,1
03-01-06-01-02-02-05.wav,5,M,fearful,normal,2,2
03-01-06-02-01-01-05.wav,5,M,fearful,strong,1,1
03-01-06-02-01-02-05.wav,5,M,fearful,strong,1,2
03-01-06-02-02-01-05.wav,5,M,fearful,strong,2,1
03-01-06-02-02-02-05.wav,5,M,fearful,strong,2,2
03-01-07-01-01-01-05.wav,5,M,disgust,normal,1,1
03-01-07-01-01-02-05.wav,5,M,disgust,normal,1,2
03-01-07-01-02-01-05.wav,5,M,disgust,normal,2,1
03-01-07-01-02-02-05.wav,5,M,disgust,normal,2,2
03-01-07-02-01-01-05.wav,5,M,disgust,strong,1,1
03-01-07-02-01-02-05.wav,5,M,disgust,strong,1,2
03-01-07-02-02-01-05.wav,5,M,disgust,strong,2,1
03-01-07-02-02-02-05.wav,5,M,disgust,strong,2,2
03-01-08-01-01-01-05.wav,5,M,surprised,normal,1,1
03-01-08-01-01-02-05.wav,5,M,surprised,normal,1,2
03-01-08-01-02-01-05.wav,5,M,surprised,normal,2,1
03-01-08-01-02-02-05.wav,5,M,surprised,normal,2,2
03-01-08-02-01-01-05.wav,5,M,surprised,strong,1,1
03-01-08-02-01-02-05.wav,5,M,surprised,strong,1,2
03-01-08-02-02-01-05.wav,5,M,surprised,strong,2,1
03-01-08-02-02-02-05.wav,5,M,surprised,strong,2,2
03-01-01-01-01-01-06.wav,6,F,neutral,normal,1,1
03-01-01-01-01-02-06.wav,6,F,neutral,normal,1,2
03-01-01-01-02-01-06.wav,6,F,neutral,normal,2,1
03-01-01-01-02-02-06.wav,6,F,neutral,normal,2,2
03-01-02-01-01-01-06.wav,6,F,calm,normal,1,1
03-01-02-01-01-02-06.wav,6,F,calm,normal,1,2
03-01-02-01-02-01-06.wav,6,F,calm,normal,2,1
03-01-02-01-02-02-06.wav,6,F,calm,normal,2,2
03-01-02-02-01-01-06.wav,6,F,calm,strong,1,1
03-01-02-02-01-02-06.wav,6,F,calm,strong,1,2
03-01-02-02-02-01-06.wav,6,F,calm,strong,2,1
03-01-02-02-02-02-06.wav,6,F,calm,strong,2,2
03-01-03-01-01-01-06.wav,6,F,happy,normal,1,1
03-01-03-01-01-02-06.wav,6,F,happy,normal,1,2
03-01-03-01-02-01-06.wav,6,F,happy,normal,2,1
03-01-03-01-02-02-06.wav,6,F,happy,normal,2,2
03-01-03-02-01-01-06.wav,6,F,happy,strong,1,1
03-01-03-02-01-02-06.wav,6,F,happy,strong,1,2
03-01-03-02-02-01-06.wav,6,F,happy,strong,2,1
03-01-03-02-02-02-06.wav,6,F,happy,strong,2,2
03-01-04-01-01-01-06.wav,6,F,sad,normal,1,1
03-01-04-01-01-02-06.wav,6,F,sad,normal,1,2
03-01-04-01-02-01-06.wav,6,F,sad,normal,2,1
03-01-04-01-02-02-06.wav,6,F,sad,normal,2,2
03-01-04-02-01-01-06.wav,6,F,sad,strong,1,1
03-01-04-02-01-02-06.wav,6,F,sad,strong,1,2
03-01-04-02-02-01-06.wav,6,F,sad,strong,2,1
03-01-04-02-02-02-06.wav,6,F,sad,strong,2,2
03-01-05-01-01-01-06.wav,6,F,angry,normal,1,1
03-01-05-01-01-02-06.wav,6,F,angry,normal,1,2
03-01-05-01-02-01-06.wav,6,F,angry,normal,2,1
03-01-05-01-02-02-06.wav,6,F,angry,normal,2,2
03-01-05-02-01-01-06.wav,6,F,angry,strong,1,1
03-01-05-02-01-02-06.wav,6,F,angry,strong,1,2
03-01-05-02-02-01-06.wav,6,F,angry,strong,2,1
03-01-05-02-02-02-06.wav,6,F,angry,strong,2,2
03-01-06-01-01-01-06.wav,6,F,fearful,normal,1,1
03-01-06-01-01-02-06.wav,6,F,fearful,normal,1,2
03-01-06-01-02-01-06.wav,6,F,fearful,normal,2,1
03-01-06-01-02-02-06.wav,6,F,fearful,normal,2,2
03-01-06-02-01-01-06.wav,6,F,fearful,strong,1,1
03-01-06-02-01-02-06.wav,6,F,fearful,strong,1,2
03-01-06-02-02-01-06.wav,6,F,fearful,strong,2,1
03-01-06-02-02-02-06.wav,6,F,fearful,strong,2,2
03-01-07-01-01-01-06.wav,6,F,disgust,normal,1,1
03-01-07-01-01-02-06.wav,6,F,disgust,normal,1,2
03-01-07-01-02-01-06.wav,6,F,disgust,normal,2,1
03-01-07-01-02-02-06.wav,6,F,disgust,normal,2,2
03-01-07-02-01-01-06.wav,6,F,disgust,strong,1,1
03-01-07-02-01-02-06.wav,6,F,disgust,strong,1,2
03-01-07-02-02-01-06.wav,6,F,disgust,strong,2,1
03-01-07-02-02-02-06.wav,6,F,disgust,strong,2,2
03-01-08-01-01-01-06.wav,6,F,surprised,normal,1,1
03-01-08-01-01-02-06.wav,6,F,surprised,normal,1,2
03-01-08-01-02-01-06.wav,6,F,surprised,normal,2,1
03-01-08-01-02-02-06.wav,6,F,surprised,normal,2,2
03-01-08-02-01-01-06.wav,6,F,surprised,strong,1,1
03-01-08-02-01-02-06.wav,6,F,surprised,strong,1,2
03-01-08-02-02-01-06.wav,6,F,surprised,strong,2,1
03-01-08-02-02-02-06.wav,6,F,surprised,strong,2,2
03-01-01-01-01-01-07.wav,7,M,neutral,normal,1,1
03-01-01-01-01-02-07.wav,7,M,neutral,normal,1,2
03-01-01-01-02-01-07.wav,7,M,neutral,normal,2,1
03-01-01-01-02-02-07.wav,7,M,neutral,normal,2,2
03-01-02-01-01-01-07.wav,7,M,calm,normal,1,1
03-01-02-01-01-02-07.wav,7,M,calm,normal,1,2
03-01-02-01-02-01-07.wav,7,M,calm,normal,2,1
03-01-02-01-02-02-07.wav,7,M,calm,normal,2,2
03-01-02-02-01-01-07.wav,7,M,calm,strong,1,1
03-01-02-02-01-02-07.wav,7,M,calm,strong,1,2
03-01-02-02-02-01-07.wav,7,M,calm,strong,2,1
03-01-02-02-02-02-07.wav,7,M,calm,strong,2,2
03-01-03-01-01-01-07.wav,7,M,happy,normal,1,1
03-01-03-01-01-02-07.wav,7,M,happy,normal,1,2
03-01-03-01-02-01-07.wav,7,M,happy,normal,2,1
03-01-03-01-02-02-07.wav,7,M,happy,normal,2,2
03-01-03-02-01-01-07.wav,7,M,happy,strong,1,1
03-01-03-02-01-02-07.wav,7,M,happy,strong,1,2
03-01-03-02-02-01-07.wav,7,M,happy,strong,2,1
03-01-03-02-02-02-07.wav,7,M,happy,strong,2,2
03-01-04-01-01-01-07.wav,7,M,sad,normal,1,1
03-01-04-01-01-02-07.wav,7,M,sad,normal,1,2
03-01-04-01-02-01-07.wav,7,M,sad,normal,2,1
03-01-04-01-02-02-07.wav,7,M,sad,normal,2,2
03-01-04-02-01-01-07.wav,7,M,sad,strong,1,1
03-01-04-02-01-02-07.wav,7,M,sad,strong,1,2
03-01-04-02-02-01-07.wav,7,M,sad,strong,2,1
03-01-04-02-02-02-07.wav,7,M,sad,strong,2,2
03-01-05-01-01-01-07.wav,7,M,angry,normal,1,1
03-01-05-01-01-02-07.wav,7,M,angry,normal,1,2
03-01-05-01-02-01-07.wav,7,M,angry,normal,2,1
03-01-05-01-02-02-07.wav,7,M,angry,normal,2,2
03-01-05-02-01-01-07.wav,7,M,angry,strong,1,1
03-01-05-02-01-02-07.wav,7,M,angry,strong,1,2
03-01-05-02-02-01-07.wav,7,M,angry,strong,2,1
03-01-05-02-02-02-07.wav,7,M,angry,strong,2,2
03-01-06-01-01-01-07.wav,7,M,fearful,normal,1,1
03-01-06-01-01-02-07.wav,7,M,fearful,normal,1,2
03-01-06-01-02-01-07.wav,7,M,fearful,normal,2,1
03-01-06-01-02-02-07.wav,7,M,fearful,normal,2,2
03-01-06-02-01-01-07.wav,7,M,fearful,strong,1,1
03-01-06-02-01-02-07.wav,7,M,fearful,strong,1,2
03-01-06-02-02-01-07.wav,7,M,fearful,strong,2,1
03-01-06-02-02-02-07.wav,7,M,fearful,strong,2,2
03-01-07-01-01-01-07.wav,7,M,disgust,normal,1,1
03-01-07-01-01-02-07.wav,7,M,disgust,normal,1,2
03-01-07-01-02-01-07.wav,7,M,disgust,normal,2,1
03-01-07-01-02-02-07.wav,7,M,disgust,normal,2,2
03-01-07-02-01-01-07.wav,7,M,disgust,strong,1,1
03-01-07-02-01-02-07.wav,7,M,disgust,strong,1,2
03-01-07-02-02-01-07.wav,7,M,disgust,strong,2,1
03-01-07-02-02-02-07.wav,7,M,disgust,strong,2,2
03-01-08-01-01-01-07.wav,7,M,surprised,normal,1,1
03-01-08-01-01-02-07.wav,7,M,surprised,normal,1,2
03-01-08-01-02-01-07.wav,7,M,surprised,normal,2,1
03-01-08-01-02-02-07.wav,7,M,surprised,normal,2,2
03-01-08-02-01-01-07.wav,7,M,surprised,strong,1,1
03-01-08-02-01-02-07.wav,7,M,surprised,strong,1,2
03-01-08-02-02-01-07.wav,7,M,surprised,strong,2,1
03-01-08-02-02-02-07.wav,7,M,surprised,strong,2,2
03-01-01-01-01-01-08.wav,8,F,neutral,normal,1,1
03-01-01-01-01-02-08.wav,8,F,neutral,normal,1,2
03-01-01-01-02-01-08.wav,8,F,neutral,normal,2,1
03-01-01-01-02-02-08.wav,8,F,neutral,normal,2,2
03-01-02-01-01-01-08.wav,8,F,calm,normal,1,1
03-01-02-01-01-02-08.wav,8,F,calm,normal,1,2
03-01-02-01-02-01-08.wav,8,F,calm,normal,2,1
03-01-02-01-02-02-08.wav,8,F,calm,normal,2,2
03-01-02-02-01-01-08.wav,8,F,calm,strong,1,1
03-01-02-02-01-02-08.wav,8,F,calm,strong,1,2
03-01-02-02-02-01-08.wav,8,F,calm,strong,2,1
03-01-02-02-02-02-08.wav,8,F,calm,strong,2,2
03-01-03-01-01-01-08.wav,8,F,happy,normal,1,1
03-01-03-01-01-02-08.wav,8,F,happy,normal,1,2
03-01-03-01-02-01-08.wav,8,F,happy,normal,2,1
03-01-03-01-02-02-08.wav,8,F,happy,normal,2,2
03-01-03-02-01-01-08.wav,8,F,happy,strong,1,1
03-01-03-02-01-02-08.wav,8,F,happy,strong,1,2
03-01-03-02-02-01-08.wav,8,F,happy,strong,2,1
03-01-03-02-02-02-08.wav,8,F,happy,strong,2,2
03-01-04-01-01-01-08.wav,8,F,sad,normal,1,1
03-01-04-01-01-02-08.wav,8,F,sad,normal,1,2
03-01-04-01-02-01-08.wav,8,F,sad,normal,2,1
03-01-04-01-02-02-08.wav,8,F,sad,normal,2,2
03-01-04-02-01-01-08.wav,8,F,sad,strong,1,1
03-01-04-02-01-02-08.wav,8,F,sad,strong,1,2
03-01-04-02-02-01-08.wav,8,F,sad,strong,2,1
03-01-04-02-02-02-08.wav,8,F,sad,strong,2,2
03-01-05-01-01-01-08.wav,8,F,angry,normal,1,1
03-01-05-01-01-02-08.wav,8,F,angry,normal,1,2
03-01-05-01-02-01-08.wav,8,F,angry,normal,2,1
03-01-05-01-02-02-08.wav,8,F,angry,normal,2,2
03-01-05-02-01-01-08.wav,8,F,angry,strong,1,1
03-01-05-02-01-02-08.wav,8,F,angry,strong,1,2
03-01-05-02-02-01-08.wav,8,F,angry,strong,2,1
03-01-05-02-02-02-08.wav,8,F,angry,strong,2,2
03-01-06-01-01-01-08.wav,8,F,fearful,normal,1,1
03-01-06-01-01-02-08.wav,8,F,fearful,normal,1,2
03-01-06-01-02-01-08.wav,8,F,fearful,normal,2,1
03-01-06-01-02-02-08.wav,8,F,fearful,normal,2,2
03-01-06-02-01-01-08.wav,8,F,fearful,strong,1,1
03-01-06-02-01-02-08.wav,8,F,fearful,strong,1,2
03-01-06-02-02-01-08.wav,8,F,fearful,strong,2,1
03-01-06-02-02-02-08.wav,8,F,fearful,strong,2,2
03-01-07-01-01-01-08.wav,8,F,disgust,normal,1,1
03-01-07-01-01-02-08.wav,8,F,disgust,normal,1,2
03-01-07-01-02-01-08.wav,8,F,disgust,normal,2,1
03-01-07-01-02-02-08.wav,8,F,disgust,normal,2,2
03-01-07-02-01-01-08.wav,8,F,disgust,strong,1,1
03-01-07-02-01-02-08.wav,8,F,disgust,strong,1,2
03-01-07-02-02-01-08.wav,8,F,disgust,strong,2,1
03-01-07-02-02-02-08.wav,8,F,disgust,strong,2,2
03-01-08-01-01-01-08.wav,8,F,surprised,normal,1,1
03-01-08-01-01-02-08.wav,8,F,surprised,normal,1,2
03-01-08-01-02-01-08.wav,8,F,surprised,normal,2,1
03-01-08-01-02-02-08.wav,8,F,surprised,normal,2,2
03-01-08-02-01-01-08.wav,8,F,surprised,strong,1,1
03-01-08-02-01-02-08.wav,8,F,surprised,strong,1,2
03-01-08-02-02-01-08.wav,8,F,surprised,strong,2,1
03-01-08-02-02-02-08.wav,8,F,surprised,strong,2,2
03-01-01-01-01-01-09.wav,9,M,neutral,normal,1,1
03-01-01-01-01-02-09.wav,9,M,neutral,normal,1,2
03-01-01-01-02-01-09.wav,9,M,neutral,normal,2,1
03-01-01-01-02-02-09.wav,9,M,neutral,normal,2,2
03-01-02-01-01-01-09.wav,9,M,calm,normal,1,1
03-01-02-01-01-02-09.wav,9,M,calm,normal,1,2
03-01-02-01-02-01-09.wav,9,M,calm,normal,2,1
03-01-02-01-02-02-09.wav,9,M,calm,normal,2,2
03-01-02-02-01-01-09.wav,9,M,calm,strong,1,1
03-01-02-02-01-02-09.wav,9,M,calm,strong,1,2
03-01-02-02-02-01-09.wav,9,M,calm,strong,2,1
03-01-02-02-02-02-09.wav,9,M,calm,strong,2,2
03-01-03-01-01-01-09.wav,9,M,happy,normal,1,1
03-01-03-01-01-02-09.wav,9,M,happy,normal,1,2
03-01-03-01-02-01-09.wav,9,M,happy,normal,2,1
03-01-03-01-02-02-09.wav,9,M,happy,normal,2,2
03-01-03-02-01-01-09.wav,9,M,happy,strong,1,1
03-01-03-02-01-02-09.wav,9,M,happy,strong,1,2
03-01-03-02-02-01-09.wav,9,M,happy,strong,2,1
03-01-03-02-02-02-09.wav,9,M,happy,strong,2,2
03-01-04-01-01-01-09.wav,9,M,sad,normal,1,1
03-01-04-01-01-02-09.wav,9,M,sad,normal,1,2
03-01-04-01-02-01-09.wav,9,M,sad,normal,2,1
03-01-04-01-02-02-09.wav,9,M,sad,normal,2,2
03-01-04-02-01-01-09.wav,9,M,sad,strong,1,1
03-01-04-02-01-02-09.wav,9,M,sad,strong,1,2
03-01-04-02-02-01-09.wav,9,M,sad,strong,2,1
03-01-04-02-02-02-09.wav,9,M,sad,strong,2,2
03-01-05-01-01-01-09.wav,9,M,angry,normal,1,1
03-01-05-01-01-02-09.wav,9,M,angry,normal,1,2
03-01-05-01-02-01-09.wav,9,M,angry,normal,2,1
03-01-05-01-02-02-09.wav,9,M,angry,normal,2,2
03-01-05-02-01-01-09.wav,9,M,angry,strong,1,1
03-01-05-02-01-02-09.wav,9,M,angry,strong,1,2
03-01-05-02-02-01-09.wav,9,M,angry,strong,2,1
03-01-05-02-02-02-09.wav,9,M,angry,strong,2,2
03-01-06-01-01-01-09.wav,9,M,fearful,normal,1,1
03-01-06-01-01-02-09.wav,9,M,fearful,normal,1,2
03-01-06-01-02-01-09.wav,9,M,fearful,normal,2,1
03-01-06-01-02-02-09.wav,9,M,fearful,normal,2,2
03-01-06-02-01-01-09.wav,9,M,fearful,strong,1,1
03-01-06-02-01-02-09.wav,9,M,fearful,strong,1,2
03-01-06-02-02-01-09.wav,9,M,fearful,strong,2,1
03-01-06-02-02-02-09.wav,9,M,fearful,strong,2,2
03-01-07-01-01-01-09.wav,9,M,disgust,normal,1,1
03-01-07-01-01-02-09.wav,9,M,disgust,normal,1,2
03-01-07-01-02-01-09.wav,9,M,disgust,normal,2,1
03-01-07-01-02-02-09.wav,9,M,disgust,normal,2,2
03-01-07-02-01-01-09.wav,9,M,disgust,strong,1,1
03-01-07-02-01-02-09.wav,9,M,disgust,strong,1,2
03-01-07-02-02-01-09.wav,9,M,disgust,strong,2,1
03-01-07-02-02-02-09.wav,9,M,disgust,strong,2,2
03-01-08-01-01-01-09.wav,9,M,surprised,normal,1,1
03-01-08-01-01-02-09.wav,9,M,surprised,normal,1,2
03-01-08-01-02-01-09.wav,9,M,surprised,normal,2,1
03-01-08-01-02-02-09.wav,9,M,surprised,normal,2,2
03-01-08-02-01-01-09.wav,9,M,surprised,strong,1,1
03-01-08-02-01-02-09.wav,9,M,surprised,strong,1,2
03-01-08-02-02-01-09.wav,9,M,surprised,strong,2,1
03-01-08-02-02-02-09.wav,9,M,surprised,strong,2,2
03-01-01-01-01-01-10.wav,10,F,neutral,normal,1,1
03-01-01-01-01-02-10.wav,10,F,neutral,normal,1,2
03-01-01-01-02-01-10.wav,10,F,neutral,normal,2,1
03-01-01-01-02-02-10.wav,10,F,neutral,normal,2,2
03-01-02-01-01-01-10.wav,10,F,calm,normal,1,1
03-01-02-01-01-02-10.wav,10,F,calm,normal,1,2
03-01-02-01-02-01-10.wav,10,F,calm,normal,2,1
03-01-02-01-02-02-10.wav,10,F,calm,normal,2,2
03-01-02-02-01-01-10.wav,10,F,calm,strong,1,1
03-01-02-02-01-02-10.wav,10,F,calm,strong,1,2
03-01-02-02-02-01-10.wav,10,F,calm,strong,2,1
03-01-02-02-02-02-10.wav,10,F,calm,strong,2,2
03-01-03-01-01-01-10.wav,10,F,happy,normal,1,1
03-01-03-01-01-02-10.wav,10,F,happy,normal,1,2
03-01-03-01-02-01-10.wav,10,F,happy,normal,2,1
03-01-03-01-02-02-10.wav,10,F,happy,normal,2,2
03-01-03-02-01-01-10.wav,10,F,happy,strong,1,1
03-01-03-02-01-02-10.wav,10,F,happy,strong,1,2
03-01-03-02-02-01-10.wav,10,F,happy,strong,2,1
03-01-03-02-02-02-10.wav,10,F,happy,strong,2,2
03-01-04-01-01-01-10.wav,10,F,sad,normal,1,1
03-01-04-01-01-02-10.wav,10,F,sad,normal,1,2
03-01-04-01-02-01-10.wav,10,F,sad,normal,2,1
03-01-04-01-02-02-10.wav,10,F,sad,normal,2,2
03-01-04-02-01-01-10.wav,10,F,sad,strong,1,1
03-01-04-02-01-02-10.wav,10,F,sad,strong,1,2
03-01-04-02-02-01-10.wav,10,F,sad,strong,2,1
03-01-04-02-02-02-10.wav,10,F,sad,strong,2,2
03-01-05-01-01-01-10.wav,10,F,angry,normal,1,1
03-01-05-01-01-02-10.wav,10,F,angry,normal,1,2
03-01-05-01-02-01-10.wav,10,F,angry,normal,2,1
03-01-05-01-02-02-10.wav,10,F,angry,normal,2,2
03-01-05-02-01-01-10.wav,10,F,angry,strong,1,1
03-01-05-02-01-02-10.wav,10,F,angry,strong,1,2
03-01-05-02-02-01-10.wav,10,F,angry,strong,2,1
03-01-05-02-02-02-10.wav,10,F,angry,strong,2,2
03-01-06-01-01-01-10.wav,10,F,fearful,normal,1,1
03-01-06-01-01-02-10.wav,10,F,fearful,normal,1,2
03-01-06-01-02-01-10.wav,10,F,fearful,normal,2,1
03-01-06-01-02-02-10.wav,10,F,fearful,normal,2,2
03-01-06-02-01-01-10.wav,10,F,fearful,strong,1,1
03-01-06-02-01-02-10.wav,10,F,fearful,strong,1,2
03-01-06-02-02-01-10.wav,10,F,fearful,strong,2,1
03-01-06-02-02-02-10.wav,10,F,fearful,strong,2,2
03-01-07-01-01-01-10.wav,10,F,disgust,normal,1,1
03-01-07-01-01-02-10.wav,10,F,disgust,normal,1,2
03-01-07-01-02-01-10.wav,10,F,disgust,normal,2,1
03-01-07-01-02-02-10.wav,10,F,disgust,normal,2,2
03-01-07-02-01-01-10.wav,10,F,disgust,strong,1,1
03-01-07-02-01-02-10.wav,10,F,disgust,strong,1,2
03-01-07-02-02-01-10.wav,10,F,disgust,strong,2,1
03-01-07-02-02-02-10.wav,10,F,disgust,strong,2,2
03-01-08-01-01-01-10.wav,10,F,surprised,normal,1,1
03-01-08-01-01-02-10.wav,10,F,surprised,normal,1,2
03-01-08-01-02-01-10.wav,10,F,surprised,normal,2,1
03-01-08-01-02-02-10.wav,10,F,surprised,normal,2,2
03-01-08-02-01-01-10.wav,10,F,surprised,strong,1,1
03-01-08-02-01-02-10.wav,10,F,surprised,strong,1,2
03-01-08-02-02-01-10.wav,10,F,surprised,strong,2,1
03-01-08-02-02-02-10.wav,10,F,surprised,strong,2,2
03-01-01-01-01-01-11.wav,11,M,neutral,normal,1,1
03-01-01-01-01-02-11.wav,11,M,neutral,normal,1,2
03-01-01-01-02-01-11.wav,11,M,neutral,normal,2,1
03-01-01-01-02-02-11.wav,11,M,neutral,normal,2,2
03-01-02-01-01-01-11.wav,11,M,calm,normal,1,1
03-01-02-01-01-02-11.wav,11,M,calm,normal,1,2
03-01-02-01-02-01-11.wav,11,M,calm,normal,2,1
03-01-02-01-02-02-11.wav,11,M,calm,normal,2,2
03-01-02-02-01-01-11.wav,11,M,calm,strong,1,1
03-01-02-02-01-02-11.wav,11,M,calm,strong,1,2
03-01-02-02-02-01-11.wav,11,M,calm,strong,2,1
03-01-02-02-02-02-11.wav,11,M,calm,strong,2,2
03-01-03-01-01-01-11.wav,11,M,happy,normal,1,1
03-01-03-01-01-02-11.wav,11,M,happy,normal,1,2
03-01-03-01-02-01-11.wav,11,M,happy,normal,2,1
03-01-03-01-02-02-11.wav,11,M,happy,normal,2,2
03-01-03-02-01-01-11.wav,11,M,happy,strong,1,1
03-01-03-02-01-02-11.wav,11,M,happy,strong,1,2
03-01-03-02-02-01-11.wav,11,M,happy,strong,2,1
03-01-03-02-02-02-11.wav,11,M,happy,strong,2,2
03-01-04-01-01-01-11.wav,11,M,sad,normal,1,1
03-01-04-01-01-02-11.wav,11,M,sad,normal,1,2
03-01-04-01-02-01-11.wav,11,M,sad,normal,2,1
03-01-04-01-02-02-11.wav,11,M,sad,normal,2,2
03-01-04-02-01-01-11.wav,11,M,sad,strong,1,1
03-01-04-02-01-02-11.wav,11,M,sad,strong,1,2
03-01-04-02-02-01-11.wav,11,M,sad,strong,2,1
03-01-04-02-02-02-11.wav,11,M,sad,strong,2,2
03-01-05-01-01-01-11.wav,11,M,angry,normal,1,1
03-01-05-01-01-02-11.wav,11,M,angry,normal,1,2
03-01-05-01-02-01-11.wav,11,M,angry,normal,2,1
03-01-05-01-02-02-11.wav,11,M,angry,normal,2,2
03-01-05-02-01-01-11.wav,11,M,angry,strong,1,1
03-01-05-02-01-02-11.wav,11,M,angry,strong,1,2
03-01-05-02-02-01-11.wav,11,M,angry,strong,2,1
03-01-05-02-02-02-11.wav,11,M,angry,strong,2,2
03-01-06-01-01-01-11.wav,11,M,fearful,normal,1,1
03-01-06-01-01-02-11.wav,11,M,fearful,normal,1,2
03-01-06-01-02-01-11.wav,11,M,fearful,normal,2,1
03-01-06-01-02-02-11.wav,11,M,fearful,normal,2,2
03-01-06-02-01-01-11.wav,11,M,fearful,strong,1,1
03-01-06-02-01-02-11.wav,11,M,fearful,strong,1,2
03-01-06-02-02-01-11.wav,11,M,fearful,strong,2,1
03-01-06-02-02-02-11.wav,11,M,fearful,strong,2,2
03-01-07-01-01-01-11.wav,11,M,disgust,normal,1,1
03-01-07-01-01-02-11.wav,11,M,disgust,normal,1,2
03-01-07-01-02-01-11.wav,11,M,disgust,normal,2,1
03-01-07-01-02-02-11.wav,11,M,disgust,normal,2,2
03-01-07-02-01-01-11.wav,11,M,disgust,strong,1,1
03-01-07-02-01-02-11.wav,11,M,disgust,strong,1,2
03-01-07-02-02-01-11.wav,11,M,disgust,strong,2,1
03-01-07-02-02-02-11.wav,11,M,disgust,strong,2,2
03-01-08-01-01-01-11.wav,11,M,surprised,normal,1,1
03-01-08-01-01-02-11.wav,11,M,surprised,normal,1,2
03-01-08-01-02-01-11.wav,11,M,surprised,normal,2,1
03-01-08-01-02-02-11.wav,11,M,surprised,normal,2,2
03-01-08-02-01-01-11.wav,11,M,surprised,strong,1,1
03-01-08-02-01-02-11.wav,11,M,surprised,strong,1,2
03-01-08-02-02-01-11.wav,11,M,surprised,strong,2,1
03-01-08-02-02-02-11.wav,11,M,surprised,strong,2,2
03-01-01-01-01-01-12.wav,12,F,neutral,normal,1,1
03-01-01-01-01-02-12.wav,12,F,neutral,normal,1,2
03-01-01-01-02-01-12.wav,12,F,neutral,normal,2,1
03-01-01-01-02-02-12.wav,12,F,neutral,normal,2,2
03-01-02-01-01-01-12.wav,12,F,calm,normal,1,1
03-01-02-01-01-02-12.wav,12,F,calm,normal,1,2
03-01-02-01-02-01-12.wav,12,F,calm,normal,2,1
03-01-02-01-02-02-12.wav,12,F,calm,normal,2,2
03-01-02-02-01-01-12.wav,12,F,calm,strong,1,1
03-01-02-02-01-02-12.wav,12,F,calm,strong,1,2
03-01-02-02-02-01-12.wav,12,F,calm,strong,2,1
03-01-02-02-02-02-12.wav,12,F,calm,strong,2,2
03-01-03-01-01-01-12.wav,12,F,happy,normal,1,1
03-01-03-01-01-02-12.wav,12,F,happy,normal,1,2
03-01-03-01-02-01-12.wav,12,F,happy,normal,2,1
03-01-03-01-02-02-12.wav,12,F,happy,normal,2,2
03-01-03-02-01-01-12.wav,12,F,happy,strong,1,1
03-01-03-02-01-02-12.wav,12,F,happy,strong,1,2
03-01-03-02-02-01-12.wav,12,F,happy,strong,2,1
03-01-03-02-02-02-12.wav,12,F,happy,strong,2,2
03-01-04-01-01-01-12.wav,12,F,sad,normal,1,1
03-01-04-01-01-02-12.wav,12,F,sad,normal,1,2
03-01-04-01-02-01-12.wav,12,F,sad,normal,2,1
03-01-04-01-02-02-12.wav,12,F,sad,normal,2,2
03-01-04-02-01-01-12.wav,12,F,sad,strong,1,1
03-01-04-02-01-02-12.wav,12,F,sad,strong,1,2
03-01-04-02-02-01-12.wav,12,F,sad,strong,2,1
03-01-04-02-02-02-12.wav,12,F,sad,strong,2,2
03-01-05-01-01-01-12.wav,12,F,angry,normal,1,1
03-01-05-01-01-02-12.wav,12,F,angry,normal,1,2
03-01-05-01-02-01-12.wav,12,F,angry,normal,2,1
03-01-05-01-02-02-12.wav,12,F,angry,normal,2,2
03-01-05-02-01-01-12.wav,12,F,angry,strong,1,1
03-01-05-02-01-02-12.wav,12,F,angry,strong,1,2
03-01-05-02-02-01-12.wav,12,F,angry,strong,2,1
03-01-05-02-02-02-12.wav,12,F,angry,strong,2,2
03-01-06-01-01-01-12.wav,12,F,fearful,normal,1,1
03-01-06-01-01-02-12.wav,12,F,fearful,normal,1,2
03-01-06-01-02-01-12.wav,12,F,fearful,normal,2,1
03-01-06-01-02-02-12.wav,12,F,fearful,normal,2,2
03-01-06-02-01-01-12.wav,12,F,fearful,strong,1,1
03-01-06-02-01-02-12.wav,12,F,fearful,strong,1,2
03-01-06-02-02-01-12.wav,12,F,fearful,strong,2,1
03-01-06-02-02-02-12.wav,12,F,fearful,strong,2,2
03-01-07-01-01-01-12.wav,12,F,disgust,normal,1,1
03-01-07-01-01-02-12.wav,12,F,disgust,normal,1,2
03-01-07-01-02-01-12.wav,12,F,disgust,normal,2,1
03-01-07-01-02-02-12.wav,12,F,disgust,normal,2,2
03-01-07-02-01-01-12.wav,12,F,disgust,strong,1,1
03-01-07-02-01-02-12.wav,12,F,disgust,strong,1,2
03-01-07-02-02-01-12.wav,12,F,disgust,strong,2,1
03-01-07-02-02-02-12.wav,12,F,disgust,strong,2,2
03-01-08-01-01-01-12.wav,12,F,surprised,normal,1,1
03-01-08-01-01-02-12.wav,12,F,surprised,normal,1,2
03-01-08-01-02-01-12.wav,12,F,surprised,normal,2,1
03-01-08-01-02-02-12.wav,12,F,surprised,normal,2,2
03-01-08-02-01-01-12.wav,12,F,surprised,strong,1,1
03-01-08-02-01-02-12.wav,12,F,surprised,strong,1,2
03-01-08-02-02-01-12.wav,12,F,surprised,strong,2,1
03-01-08-02-02-02-12.wav,12,F,surprised,strong,2,2
03-01-01-01-01-01-13.wav,13,M,neutral,normal,1,1
03-01-01-01-01-02-13.wav,13,M,neutral,normal,1,2
03-01-01-01-02-01-13.wav,13,M,neutral,normal,2,1
03-01-01-01-02-02-13.wav,13,M,neutral,normal,2,2
03-01-02-01-01-01-13.wav,13,M,calm,normal,1,1
03-01-02-01-01-02-13.wav,13,M,calm,normal,1,2
03-01-02-01-02-01-13.wav,13,M,calm,normal,2,1
03-01-02-01-02-02-13.wav,13,M,calm,normal,2,2
03-01-02-02-01-01-13.wav,13,M,calm,strong,1,1
03-01-02-02-01-02-13.wav,13,M,calm,strong,1,2
03-01-02-02-02-01-13.wav,13,M,calm,strong,2,1
03-01-02-02-02-02-13.wav,13,M,calm,strong,2,2
03-01-03-01-01-01-13.wav,13,M,happy,normal,1,1
03-01-03-01-01-02-13.wav,13,M,happy,normal,1,2
03-01-03-01-02-01-13.wav,13,M,happy,normal,2,1
03-01-03-01-02-02-13.wav,13,M,happy,normal,2,2
03-01-03-02-01-01-13.wav,13,M,happy,strong,1,1
03-01-03-02-01-02-13.wav,13,M,happy,strong,1,2
03-01-03-02-02-01-13.wav,13,M,happy,strong,2,1
03-01-03-02-02-02-13.wav,13,M,happy,strong,2,2
03-01-04-01-01-01-13.wav,13,M,sad,normal,1,1
03-01-04-01-01-02-13.wav,13,M,sad,normal,1,2
03-01-04-01-02-01-13.wav,13,M,sad,normal,2,1
03-01-04-01-02-02-13.wav,13,M,sad,normal,2,2
03-01-04-02-01-01-13.wav,13,M,sad,strong,1,1
03-01-04-02-01-02-13.wav,13,M,sad,strong,1,2
03-01-04-02-02-01-13.wav,13,M,sad,strong,2,1
03-01-04-02-02-02-13.wav,13,M,sad,strong,2,2
03-01-05-01-01-01-13.wav,13,M,angry,normal,1,1
03-01-05-01-01-02-13.wav,13,M,angry,normal,1,2
03-01-05-01-02-01-13.wav,13,M,angry,normal,2,1
03-01-05-01-02-02-13.wav,13,M,angry,normal,2,2
03-01-05-02-01-01-13.wav,13,M,angry,strong,1,1
03-01-05-02-01-02-13.wav,13,M,angry,strong,1,2
03-01-05-02-02-01-13.wav,13,M,angry,strong,2,1
03-01-05-02-02-02-13.wav,13,M,angry,strong,2,2
03-01-06-01-01-01-13.wav,13,M,fearful,normal,1,1
03-01-06-01-01-02-13.wav,13,M,fearful,normal,1,2
03-01-06-01-02-01-13.wav,13,M,fearful,normal,2,1
03-01-06-01-02-02-13.wav,13,M,fearful,normal,2,2
03-01-06-02-01-01-13.wav,13,M,fearful,strong,1,1
03-01-06-02-01-02-13.wav,13,M,fearful,strong,1,2
03-01-06-02-02-01-13.wav,13,M,fearful,strong,2,1
03-01-06-02-02-02-13.wav,13,M,fearful,strong,2,2
03-01-07-01-01-01-13.wav,13,M,disgust,normal,1,1
03-01-07-01-01-02-13.wav,13,M,disgust,normal,1,2
03-01-07-01-02-01-13.wav,13,M,disgust,normal,2,1
03-01-07-01-02-02-13.wav,13,M,disgust,normal,2,2
03-01-07-02-01-01-13.wav,13,M,disgust,strong,1,1
03-01-07-02-01-02-13.wav,13,M,disgust,strong,1,2
03-01-07-02-02-01-13.wav,13,M,disgust,strong,2,1
03-01-07-02-02-02-13.wav,13,M,disgust,strong,2,2
03-01-08-01-01-01-13.wav,13,M,surprised,normal,1,1
03-01-08-01-01-02-13.wav,13,M,surprised,normal,1,2
03-01-08-01-02-01-13.wav,13,M,surprised,normal,2,1
03-01-08-01-02-02-13.wav,13,M,surprised,normal,2,2
03-01-08-02-01-01-13.wav,13,M,surprised,strong,1,1
03-01-08-02-01-02-13.wav,13,M,surprised,strong,1,2
03-01-08-02-02-01-13.wav,13,M,surprised,strong,2,1
03-01-08-02-02-02-13.wav,13,M,surprised,strong,2,2
03-01-01-01-01-01-14.wav,14,F,neutral,normal,1,1
03-01-01-01-01-02-14.wav,14,F,neutral,normal,1,2
03-01-01-01-02-01-14.wav,14,F,neutral,normal,2,1
03-01-01-01-02-02-14.wav,14,F,neutral,normal,2,2
03-01-02-01-01-01-14.wav,14,F,calm,normal,1,1
03-01-02-01-01-02-14.wav,14,F,calm,normal,1,2
03-01-02-01-02-01-14.wav,14,F,calm,normal,2,1
03-01-02-01-02-02-14.wav,14,F,calm,normal,2,2
03-01-02-02-01-01-14.wav,14,F,calm,strong,1,1
03-01-02-02-01-02-14.wav,14,F,calm,strong,1,2
03-01-02-02-02-01-14.wav,14,F,calm,strong,2,1
03-01-02-02-02-02-14.wav,14,F,calm,strong,2,2
03-01-03-01-01-01-14.wav,14,F,happy,normal,1,1
03-01-03-01-01-02-14.wav,14,F,happy,normal,1,2
03-01-03-01-02-01-14.wav,14,F,happy,normal,2,1
03-01-03-01-02-02-14.wav,14,F,happy,normal,2,2
03-01-03-02-01-01-14.wav,14,F,happy,strong,1,1
03-01-03-02-01-02-14.wav,14,F,happy,strong,1,2
03-01-03-02-02-01-14.wav,14,F,happy,strong,2,1
03-01-03-02-02-02-14.wav,14,F,happy,strong,2,2
03-01-04-01-01-01-14.wav,14,F,sad,normal,1,1
03-01-04-01-01-02-14.wav,14,F,sad,normal,1,2
03-01-04-01-02-01-14.wav,14,F,sad,normal,2,1
03-01-04-01-02-02-14.wav,14,F,sad,normal,2,2
03-01-04-02-01-01-14.wav,14,F,sad,strong,1,1
03-01-04-02-01-02-14.wav,14,F,sad,strong,1,2
03-01-04-02-02-01-14.wav,14,F,sad,strong,2,1
03-01-04-02-02-02-14.wav,14,F,sad,strong,2,2
03-01-05-01-01-01-14.wav,14,F,angry,normal,1,1
03-01-05-01-01-02-14.wav,14,F,angry,normal,1,2
03-01-05-01-02-01-14.wav,14,F,angry,normal,2,1
03-01-05-01-02-02-14.wav,14,F,angry,normal,2,2
03-01-05-02-01-01-14.wav,14,F,angry,strong,1,1
03-01-05-02-01-02-14.wav,14,F,angry,strong,1,2
03-01-05-02-02-01-14.wav,14,F,angry,strong,2,1
03-01-05-02-02-02-14.wav,14,F,angry,strong,2,2
03-01-06-01-01-01-14.wav,14,F,fearful,normal,1,1
03-01-06-01-01-02-14.wav,14,F,fearful,normal,1,2
03-01-06-01-02-01-14.wav,14,F,fearful,normal,2,1
03-01-06-01-02-02-14.wav,14,F,fearful,normal,2,2
03-01-06-02-01-01-14.wav,14,F,fearful,strong,1,1
03-01-06-02-01-02-14.wav,14,F,fearful,strong,1,2
03-01-06-02-02-01-14.wav,14,F,fearful,strong,2,1
03-01-06-02-02-02-14.wav,14,F,fearful,strong,2,2
03-01-07-01-01-01-14.wav,14,F,disgust,normal,1,1
03-01-07-01-01-02-14.wav,14,F,disgust,normal,1,2
03-01-07-01-02-01-14.wav,14,F,disgust,normal,2,1
03-01-07-01-02-02-14.wav,14,F,disgust,normal,2,2
03-01-07-02-01-01-14.wav,14,F,disgust,strong,1,1
03-01-07-02-01-02-14.wav,14,F,disgust,strong,1,2
03-01-07-02-02-01-14.wav,14,F,disgust,strong,2,1
03-01-07-02-02-02-14.wav,14,F,disgust,strong,2,2
03-01-08-01-01-01-14.wav,14,F,surprised,normal,1,1
03-01-08-01-01-02-14.wav,14,F,surprised,normal,1,2
03-01-08-01-02-01-14.wav,14,F,surprised,normal,2,1
03-01-08-01-02-02-14.wav,14,F,surprised,normal,2,2
03-01-08-02-01-01-14.wav,14,F,surprised,strong,1,1
03-01-08-02-01-02-14.wav,14,F,surprised,strong,1,2
03-01-08-02-02-01-14.wav,14,F,surprised,strong,2,1
03-01-08-02-02-02-14.wav,14,F,surprised,strong,2,2
03-01-01-01-01-01-15.wav,15,M,neutral,normal,1,1
03-01-01-01-01-02-15.wav,15,M,neutral,normal,1,2
03-01-01-01-02-01-15.wav,15,M,neutral,normal,2,1
03-01-01-01-02-02-15.wav,15,M,neutral,normal,2,2
03-01-02-01-01-01-15.wav,15,M,calm,normal,1,1
03-01-02-01-01-02-15.wav,15,M,calm,normal,1,2
03-01-02-01-02-01-15.wav,15,M,calm,normal,2,1
03-01-02-01-02-02-15.wav,15,M,calm,normal,2,2
03-01-02-02-01-01-15.wav,15,M,calm,strong,1,1
03-01-02-02-01-02-15.wav,15,M,calm,strong,1,2
03-01-02-02-02-01-15.wav,15,M,calm,strong,2,1
03-01-02-02-02-02-15.wav,15,M,calm,strong,2,2
03-01-03-01-01-01-15.wav,15,M,happy,normal,1,1
03-01-03-01-01-02-15.wav,15,M,happy,normal,1,2
03-01-03-01-02-01-15.wav,15,M,happy,normal,2,1
03-01-03-01-02-02-15.wav,15,M,happy,normal,2,2
03-01-03-02-01-01-15.wav,15,M,happy,strong,1,1
03-01-03-02-01-02-15.wav,15,M,happy,strong,1,2
03-01-03-02-02-01-15.wav,15,M,happy,strong,2,1
03-01-03-02-02-02-15.wav,15,M,happy,strong,2,2
03-01-04-01-01-01-15.wav,15,M,sad,normal,1,1
03-01-04-01-01-02-15.wav,15,M,sad,normal,1,2
03-01-04-01-02-01-15.wav,15,M,sad,normal,2,1
03-01-04-01-02-02-15.wav,15,M,sad,normal,2,2
03-01-04-02-01-01-15.wav,15,M,sad,strong,1,1
03-01-04-02-01-02-15.wav,15,M,sad,strong,1,2
03-01-04-02-02-01-15.wav,15,M,sad,strong,2,1
03-01-04-02-02-02-15.wav,15,M,sad,strong,2,2
03-01-05-01-01-01-15.wav,15,M,angry,normal,1,1
03-01-05-01-01-02-15.wav,15,M,angry,normal,1,2
03-01-05-01-02-01-15.wav,15,M,angry,normal,2,1
03-01-05-01-02-02-15.wav,15,M,angry,normal,2,2
03-01-05-02-01-01-15.wav,15,M,angry,strong,1,1
03-01-05-02-01-02-15.wav,15,M,angry,strong,1,2
03-01-05-02-02-01-15.wav,15,M,angry,strong,2,1
03-01-05-02-02-02-15.wav,15,M,angry,strong,2,2
03-01-06-01-01-01-15.wav,15,M,fearful,normal,1,1
03-01-06-01-01-02-15.wav,15,M,fearful,normal,1,2
03-01-06-01-02-01-15.wav,15,M,fearful,normal,2,1
03-01-06-01-02-02-15.wav,15,M,fearful,normal,2,2
03-01-06-02-01-01-15.wav,15,M,fearful,strong,1,1
03-01-06-02-01-02-15.wav,15,M,fearful,strong,1,2
03-01-06-02-02-01-15.wav,15,M,fearful,strong,2,1
03-01-06-02-02-02-15.wav,15,M,fearful,strong,2,2
03-01-07-01-01-01-15.wav,15,M,disgust,normal,1,1
03-01-07-01-01-02-15.wav,15,M,disgust,normal,1,2
03-01-07-01-02-01-15.wav,15,M,disgust,normal,2,1
03-01-07-01-02-02-15.wav,15,M,disgust,normal,2,2
03-01-07-02-01-01-15.wav,15,M,disgust,strong,1,1
03-01-07-02-01-02-15.wav,15,M,disgust,strong,1,2
03-01-07-02-02-01-15.wav,15,M,disgust,strong,2,1
03-01-07-02-02-02-15.wav,15,M,disgust,strong,2,2
03-01-08-01-01-01-15.wav,15,M,surprised,normal,1,1
03-01-08-01-01-02-15.wav,15,M,surprised,normal,1,2
03-01-08-01-02-01-15.wav,15,M,surprised,normal,2,1
03-01-08-01-02-02-15.wav,15,M,surprised,normal,2,2
03-01-08-02-01-01-15.wav,15,M,surprised,strong,1,1
03-01-08-02-01-02-15.wav,15,M,surprised,strong,1,2
03-01-08-02-02-01-15.wav,15,M,surprised,strong,2,1
03-01-08-02-02-02-15.wav,15,M,surprised,strong,2,2
03-01-01-01-01-01-16.wav,16,F,neutral,normal,1,1
03-01-01-01-01-02-16.wav,16,F,neutral,normal,1,2
03-01-01-01-02-01-16.wav,16,F,neutral,normal,2,1
03-01-01-01-02-02-16.wav,16,F,neutral,normal,2,2
03-01-02-01-01-01-16.wav,16,F,calm,normal,1,1
03-01-02-01-01-02-16.wav,16,F,calm,normal,1,2
03-01-02-01-02-01-16.wav,16,F,calm,normal,2,1
03-01-02-01-02-02-16.wav,16,F,calm,normal,2,2
03-01-02-02-01-01-16.wav,16,F,calm,strong,1,1
03-01-02-02-01-02-16.wav,16,F,calm,strong,1,2
03-01-02-02-02-01-16.wav,16,F,calm,strong,2,1
03-01-02-02-02-02-16.wav,16,F,calm,strong,2,2
03-01-03-01-01-01-16.wav,16,F,happy,normal,1,1
03-01-03-01-01-02-16.wav,16,F,happy,normal,1,2
03-01-03-01-02-01-16.wav,16,F,happy,normal,2,1
03-01-03-01-02-02-16.wav,16,F,happy,normal,2,2
03-01-03-02-01-01-16.wav,16,F,happy,strong,1,1
03-01-03-02-01-02-16.wav,16,F,happy,strong,1,2
03-01-03-02-02-01-16.wav,16,F,happy,strong,2,1
03-01-03-02-02-02-16.wav,16,F,happy,strong,2,2
03-01-04-01-01-01-16.wav,16,F,sad,normal,1,1
03-01-04-01-01-02-16.wav,16,F,sad,normal,1,2
03-01-04-01-02-01-16.wav,16,F,sad,normal,2,1
03-01-04-01-02-02-16.wav,16,F,sad,normal,2,2
03-01-04-02-01-01-16.wav,16,F,sad,strong,1,1
03-01-04-02-01-02-16.wav,16,F,sad,strong,1,2
03-01-04-02-02-01-16.wav,16,F,sad,strong,2,1
03-01-04-02-02-02-16.wav,16,F,sad,strong,2,2
03-01-05-01-01-01-16.wav,16,F,angry,normal,1,1
03-01-05-01-01-02-16.wav,16,F,angry,normal,1,2
03-01-05-01-02-01-16.wav,16,F,angry,normal,2,1
03-01-05-01-02-02-16.wav,16,F,angry,normal,2,2
03-01-05-02-01-01-16.wav,16,F,angry,strong,1,1
03-01-05-02-01-02-16.wav,16,F,angry,strong,1,2
03-01-05-02-02-01-16.wav,16,F,angry,strong,2,1
03-01-05-02-02-02-16.wav,16,F,angry,strong,2,2
03-01-06-01-01-01-16.wav,16,F,fearful,normal,1,1
03-01-06-01-01-02-16.wav,16,F,fearful,normal,1,2
03-01-06-01-02-01-16.wav,16,F,fearful,normal,2,1
03-01-06-01-02-02-16.wav,16,F,fearful,normal,2,2
03-01-06-02-01-01-16.wav,16,F,fearful,strong,1,1
03-01-06-02-01-02-16.wav,16,F,fearful,strong,1,2
03-01-06-02-02-01-16.wav,16,F,fearful,strong,2,1
03-01-06-02-02-02-16.wav,16,F,fearful,strong,2,2
03-01-07-01-01-01-16.wav,16,F,disgust,normal,1,1
03-01-07-01-01-02-16.wav,16,F,disgust,normal,1,2
03-01-07-01-02-01-16.wav,16,F,disgust,normal,2,1
03-01-07-01-02-02-16.wav,16,F,disgust,normal,2,2
03-01-07-02-01-01-16.wav,16,F,disgust,strong,1,1
03-01-07-02-01-02-16.wav,16,F,disgust,strong,1,2
03-01-07-02-02-01-16.wav,16,F,disgust,strong,2,1
03-01-07-02-02-02-16.wav,16,F,disgust,strong,2,2
03-01-08-01-01-01-16.wav,16,F,surprised,normal,1,1
03-01-08-01-01-02-16.wav,16,F,surprised,normal,1,2
03-01-08-01-02-01-16.wav,16,F,surprised,normal,2,1
03-01-08-01-02-02-16.wav,16,F,surprised,normal,2,2
03-01-08-02-01-01-16.wav,16,F,surprised,strong,1,1
03-01-08-02-01-02-16.wav,16,F,surprised,strong,1,2
03-01-08-02-02-01-16.wav,16,F,surprised,strong,2,1
03-01-08-02-02-02-16.wav,16,F,surprised,strong,2,2
03-01-01-01-01-01-17.wav,17,M,neutral,normal,1,1
03-01-01-01-01-02-17.wav,17,M,neutral,normal,1,2
03-01-01-01-02-01-17.wav,17,M,neutral,normal,2,1
03-01-01-01-02-02-17.wav,17,M,neutral,normal,2,2
03-01-02-01-01-01-17.wav,17,M,calm,normal,1,1
03-01-02-01-01-02-17.wav,17,M,calm,normal,1,2
03-01-02-01-02-01-17.wav,17,M,calm,normal,2,1
03-01-02-01-02-02-17.wav,17,M,calm,normal,2,2
03-01-02-02-01-01-17.wav,17,M,calm,strong,1,1
03-01-02-02-01-02-17.wav,17,M,calm,strong,1,2
03-01-02-02-02-01-17.wav,17,M,calm,strong,2,1
03-01-02-02-02-02-17.wav,17,M,calm,strong,2,2
03-01-03-01-01-01-17.wav,17,M,happy,normal,1,1
03-01-03-01-01-02-17.wav,17,M,happy,normal,1,2
03-01-03-01-02-01-17.wav,17,M,happy,normal,2,1
03-01-03-01-02-02-17.wav,17,M,happy,normal,2,2
03-01-03-02-01-01-17.wav,17,M,happy,strong,1,1
03-01-03-02-01-02-17.wav,17,M,happy,strong,1,2
03-01-03-02-02-01-17.wav,17,M,happy,strong,2,1
03-01-03-02-02-02-17.wav,17,M,happy,strong,2,2
03-01-04-01-01-01-17.wav,17,M,sad,normal,1,1
03-01-04-01-01-02-17.wav,17,M,sad,normal,1,2
03-01-04-01-02-01-17.wav,17,M,sad,normal,2,1
03-01-04-01-02-02-17.wav,17,M,sad,normal,2,2
03-01-04-02-01-01-17.wav,17,M,sad,strong,1,1
03-01-04-02-01-02-17.wav,17,M,sad,strong,1,2
03-01-04-02-02-01-17.wav,17,M,sad,strong,2,1
03-01-04-02-02-02-17.wav,17,M,sad,strong,2,2
03-01-05-01-01-01-17.wav,17,M,angry,normal,1,1
03-01-05-01-01-02-17.wav,17,M,angry,normal,1,2
03-01-05-01-02-01-17.wav,17,M,angry,normal,2,1
03-01-05-01-02-02-17.wav,17,M,angry,normal,2,2
03-01-05-02-01-01-17.wav,17,M,angry,strong,1,1
03-01-05-02-01-02-17.wav,17,M,angry,strong,1,2
03-01-05-02-02-01-17.wav,17,M,angry,strong,2,1
03-01-05-02-02-02-17.wav,17,M,angry,strong,2,2
03-01-06-01-01-01-17.wav,17,M,fearful,normal,1,1
03-01-06-01-01-02-17.wav,17,M,fearful,normal,1,2
03-01-06-01-02-01-17.wav,17,M,fearful,normal,2,1
03-01-06-01-02-02-17.wav,17,M,fearful,normal,2,2
03-01-06-02-01-01-17.wav,17,M,fearful,strong,1,1
03-01-06-02-01-02-17.wav,17,M,fearful,strong,1,2
03-01-06-02-02-01-17.wav,17,M,fearful,strong,2,1
03-01-06-02-02-02-17.wav,17,M,fearful,strong,2,2
03-01-07-01-01-01-17.wav,17,M,disgust,normal,1,1
03-01-07-01-01-02-17.wav,17,M,disgust,normal,1,2
03-01-07-01-02-01-17.wav,17,M,disgust,normal,2,1
03-01-07-01-02-02-17.wav,17,M,disgust,normal,2,2
03-01-07-02-01-01-17.wav,17,M,disgust,strong,1,1
03-01-07-02-01-02-17.wav,17,M,disgust,strong,1,2
03-01-07-02-02-01-17.wav,17,M,disgust,strong,2,1
03-01-07-02-02-02-17.wav,17,M,disgust,strong,2,2
03-01-08-01-01-01-17.wav,17,M,surprised,normal,1,1
03-01-08-01-01-02-17.wav,17,M,surprised,normal,1,2
03-01-08-01-02-01-17.wav,17,M,surprised,normal,2,1
03-01-08-01-02-02-17.wav,17,M,surprised,normal,2,2
03-01-08-02-01-01-17.wav,17,M,surprised,strong,1,1
03-01-08-02-01-02-17.wav,17,M,surprised,strong,1,2
03-01-08-02-02-01-17.wav,17,M,surprised,strong,2,1
03-01-08-02-02-02-17.wav,17,M,surprised,strong,2,2
03-01-01-01-01-01-18.wav,18,F,neutral,normal,1,1
03-01-01-01-01-02-18.wav,18,F,neutral,normal,1,2
03-01-01-01-02-01-18.wav,18,F,neutral,normal,2,1
03-01-01-01-02-02-18.wav,18,F,neutral,normal,2,2
03-01-02-01-01-01-18.wav,18,F,calm,normal,1,1
03-01-02-01-01-02-18.wav,18,F,calm,normal,1,2
03-01-02-01-02-01-18.wav,18,F,calm,normal,2,1
03-01-02-01-02-02-18.wav,18,F,calm,normal,2,2
03-01-02-02-01-01-18.wav,18,F,calm,strong,1,1
03-01-02-02-01-02-18.wav,18,F,calm,strong,1,2
03-01-02-02-02-01-18.wav,18,F,calm,strong,2,1
03-01-02-02-02-02-18.wav,18,F,calm,strong,2,2
03-01-03-01-01-01-18.wav,18,F,happy,normal,1,1
03-01-03-01-01-02-18.wav,18,F,happy,normal,1,2
03-01-03-01-02-01-18.wav,18,F,happy,normal,2,1
03-01-03-01-02-02-18.wav,18,F,happy,normal,2,2
03-01-03-02-01-01-18.wav,18,F,happy,strong,1,1
03-01-03-02-01-02-18.wav,18,F,happy,strong,1,2
03-01-03-02-02-01-18.wav,18,F,happy,strong,2,1
03-01-03-02-02-02-18.wav,18,F,happy,strong,2,2
03-01-04-01-01-01-18.wav,18,F,sad,normal,1,1
03-01-04-01-01-02-18.wav,18,F,sad,normal,1,2
03-01-04-01-02-01-18.wav,18,F,sad,normal,2,1
03-01-04-01-02-02-18.wav,18,F,sad,normal,2,2
03-01-04-02-01-01-18.wav,18,F,sad,strong,1,1
03-01-04-02-01-02-18.wav,18,F,sad,strong,1,2
03-01-04-02-02-01-18.wav,18,F,sad,strong,2,1
03-01-04-02-02-02-18.wav,18,F,sad,strong,2,2
03-01-05-01-01-01-18.wav,18,F,angry,normal,1,1
03-01-05-01-01-02-18.wav,18,F,angry,normal,1,2
03-01-05-01-02-01-18.wav,18,F,angry,normal,2,1
03-01-05-01-02-02-18.wav,18,F,angry,normal,2,2
03-01-05-02-01-01-18.wav,18,F,angry,strong,1,1
03-01-05-02-01-02-18.wav,18,F,angry,strong,1,2
03-01-05-02-02-01-18.wav,18,F,angry,strong,2,1
03-01-05-02-02-02-18.wav,18,F,angry,strong,2,2
03-01-06-01-01-01-18.wav,18,F,fearful,normal,1,1
03-01-06-01-01-02-18.wav,18,F,fearful,normal,1,2
03-01-06-01-02-01-18.wav,18,F,fearful,normal,2,1
03-01-06-01-02-02-18.wav,18,F,fearful,normal,2,2
03-01-06-02-01-01-18.wav,18,F,fearful,strong,1,1
03-01-06-02-01-02-18.wav,18,F,fearful,strong,1,2
03-01-06-02-02-01-18.wav,18,F,fearful,strong,2,1
03-01-06-02-02-02-18.wav,18,F,fearful,strong,2,2
03-01-07-01-01-01-18.wav,18,F,disgust,normal,1,1
03-01-07-01-01-02-18.wav,18,F,disgust,normal,1,2
03-01-07-01-02-01-18.wav,18,F,disgust,normal,2,1
03-01-07-01-02-02-18.wav,18,F,disgust,normal,2,2
03-01-07-02-01-01-18.wav,18,F,disgust,strong,1,1
03-01-07-02-01-02-18.wav,18,F,disgust,strong,1,2
03-01-07-02-02-01-18.wav,18,F,disgust,strong,2,1
03-01-07-02-02-02-18.wav,18,F,disgust,strong,2,2
03-01-08-01-01-01-18.wav,18,F,surprised,normal,1,1
03-01-08-01-01-02-18.wav,18,F,surprised,normal,1,2
03-01-08-01-02-01-18.wav,18,F,surprised,normal,2,1
03-01-08-01-02-02-18.wav,18,F,surprised,normal,2,2
03-01-08-02-01-01-18.wav,18,F,surprised,strong,1,1
03-01-08-02-01-02-18.wav,18,F,surprised,strong,1,2
03-01-08-02-02-01-18.wav,18,F,surprised,strong,2,1
03-01-08-02-02-02-18.wav,18,F,surprised,strong,2,2
03-01-01-01-01-01-19.wav,19,M,neutral,normal,1,1
03-01-01-01-01-02-19.wav,19,M,neutral,normal,1,2
03-01-01-01-02-01-19.wav,19,M,neutral,normal,2,1
03-01-01-01-02-02-19.wav,19,M,neutral,normal,2,2
03-01-02-01-01-01-19.wav,19,M,calm,normal,1,1
03-01-02-01-01-02-19.wav,19,M,calm,normal,1,2
03-01-02-01-02-01-19.wav,19,M,calm,normal,2,1
03-01-02-01-02-02-19.wav,19,M,calm,normal,2,2
03-01-02-02-01-01-19.wav,19,M,calm,strong,1,1
03-01-02-02-01-02-19.wav,19,M,calm,strong,1,2
03-01-02-02-02-01-19.wav,19,M,calm,strong,2,1
03-01-02-02-02-02-19.wav,19,M,calm,strong,2,2
03-01-03-01-01-01-19.wav,19,M,happy,normal,1,1
03-01-03-01-01-02-19.wav,19,M,happy,normal,1,2
03-01-03-01-02-01-19.wav,19,M,happy,normal,2,1
03-01-03-01-02-02-19.wav,19,M,happy,normal,2,2
03-01-03-02-01-01-19.wav,19,M,happy,strong,1,1
03-01-03-02-01-02-19.wav,19,M,happy,strong,1,2
03-01-03-02-02-01-19.wav,19,M,happy,strong,2,1
03-01-03-02-02-02-19.wav,19,M,happy,strong,2,2
03-01-04-01-01-01-19.wav,19,M,sad,normal,1,1
03-01-04-01-01-02-19.wav,19,M,sad,normal,1,2
03-01-04-01-02-01-19.wav,19,M,sad,normal,2,1
03-01-04-01-02-02-19.wav,19,M,sad,normal,2,2
03-01-04-02-01-01-19.wav,19,M,sad,strong,1,1
03-01-04-02-01-02-19.wav,19,M,sad,strong,1,2
03-01-04-02-02-01-19.wav,19,M,sad,strong,2,1
03-01-04-02-02-02-19.wav,19,M,sad,strong,2,2
03-01-05-01-01-01-19.wav,19,M,angry,normal,1,1
03-01-05-01-01-02-19.wav,19,M,angry,normal,1,2
03-01-05-01-02-01-19.wav,19,M,angry,normal,2,1
03-01-05-01-02-02-19.wav,19,M,angry,normal,2,2
03-01-05-02-01-01-19.wav,19,M,angry,strong,1,1
03-01-05-02-01-02-19.wav,19,M,angry,strong,1,2
03-01-05-02-02-01-19.wav,19,M,angry,strong,2,1
03-01-05-02-02-02-19.wav,19,M,angry,strong,2,2
03-01-06-01-01-01-19.wav,19,M,fearful,normal,1,1
03-01-06-01-01-02-19.wav,19,M,fearful,normal,1,2
03-01-06-01-02-01-19.wav,19,M,fearful,normal,2,1
03-01-06-01-02-02-19.wav,19,M,fearful,normal,2,2
03-01-06-02-01-01-19.wav,19,M,fearful,strong,1,1
03-01-06-02-01-02-19.wav,19,M,fearful,strong,1,2
03-01-06-02-02-01-19.wav,19,M,fearful,strong,2,1
03-01-06-02-02-02-19.wav,19,M,fearful,strong,2,2
03-01-07-01-01-01-19.wav,19,M,disgust,normal,1,1
03-01-07-01-01-02-19.wav,19,M,disgust,normal,1,2
03-01-07-01-02-01-19.wav,19,M,disgust,normal,2,1
03-01-07-01-02-02-19.wav,19,M,disgust,normal,2,2
03-01-07-02-01-01-19.wav,19,M,disgust,strong,1,1
03-01-07-02-01-02-19.wav,19,M,disgust,strong,1,2
03-01-07-02-02-01-19.wav,19,M,disgust,strong,2,1
03-01-07-02-02-02-19.wav,19,M,disgust,strong,2,2
03-01-08-01-01-01-19.wav,19,M,surprised,normal,1,1
03-01-08-01-01-02-19.wav,19,M,surprised,normal,1,2
03-01-08-01-02-01-19.wav,19,M,surprised,normal,2,1
03-01-08-01-02-02-19.wav,19,M,surprised,normal,2,2
03-01-08-02-01-01-19.wav,19,M,surprised,strong,1,1
03-01-08-02-01-02-19.wav,19,M,surprised,strong,1,2
03-01-08-02-02-01-19.wav,19,M,surprised,strong,2,1
03-01-08-02-02-02-19.wav,19,M,surprised,strong,2,2
03-01-01-01-01-01-20.wav,20,F,neutral,normal,1,1
03-01-01-01-01-02-20.wav,20,F,neutral,normal,1,2
03-01-01-01-02-01-20.wav,20,F,neutral,normal,2,1
03-01-01-01-02-02-20.wav,20,F,neutral,normal,2,2
03-01-02-01-01-01-20.wav,20,F,calm,normal,1,1
03-01-02-01-01-02-20.wav,20,F,calm,normal,1,2
03-01-02-01-02-01-20.wav,20,F,calm,normal,2,1
03-01-02-01-02-02-20.wav,20,F,calm,normal,2,2
03-01-02-02-01-01-20.wav,20,F,calm,strong,1,1
03-01-02-02-01-02-20.wav,20,F,calm,strong,1,2
03-01-02-02-02-01-20.wav,20,F,calm,strong,2,1
03-01-02-02-02-02-20.wav,20,F,calm,strong,2,2
03-01-03-01-01-01-20.wav,20,F,happy,normal,1,1
03-01-03-01-01-02-20.wav,20,F,happy,normal,1,2
03-01-03-01-02-01-20.wav,20,F,happy,normal,2,1
03-01-03-01-02-02-20.wav,20,F,happy,normal,2,2
03-01-03-02-01-01-20.wav,20,F,happy,strong,1,1
03-01-03-02-01-02-20.wav,20,F,happy,strong,1,2
03-01-03-02-02-01-20.wav,20,F,happy,strong,2,1
03-01-03-02-02-02-20.wav,20,F,happy,strong,2,2
03-01-04-01-01-01-20.wav,20,F,sad,normal,1,1
03-01-04-01-01-02-20.wav,20,F,sad,normal,1,2
03-01-04-01-02-01-20.wav,20,F,sad,normal,2,1
03-01-04-01-02-02-20.wav,20,F,sad,normal,2,2
03-01-04-02-01-01-20.wav,20,F,sad,strong,1,1
03-01-04-02-01-02-20.wav,20,F,sad,strong,1,2
03-01-04-02-02-01-20.wav,20,F,sad,strong,2,1
03-01-04-02-02-02-20.wav,20,F,sad,strong,2,2
03-01-05-01-01-01-20.wav,20,F,angry,normal,1,1
03-01-05-01-01-02-20.wav,20,F,angry,normal,1,2
03-01-05-01-02-01-20.wav,20,F,angry,normal,2,1
03-01-05-01-02-02-20.wav,20,F,angry,normal,2,2
03-01-05-02-01-01-20.wav,20,F,angry,strong,1,1
03-01-05-02-01-02-20.wav,20,F,angry,strong,1,2
03-01-05-02-02-01-20.wav,20,F,angry,strong,2,1
03-01-05-02-02-02-20.wav,20,F,angry,strong,2,2
03-01-06-01-01-01-20.wav,20,F,fearful,normal,1,1
03-01-06-01-01-02-20.wav,20,F,fearful,normal,1,2
03-01-06-01-02-01-20.wav,20,F,fearful,normal,2,1
03-01-06-01-02-02-20.wav,20,F,fearful,normal,2,2
03-01-06-02-01-01-20.wav,20,F,fearful,strong,1,1
03-01-06-02-01-02-20.wav,20,F,fearful,strong,1,2
03-01-06-02-02-01-20.wav,20,F,fearful,strong,2,1
03-01-06-02-02-02-20.wav,20,F,fearful,strong,2,2
03-01-07-01-01-01-20.wav,20,F,disgust,normal,1,1
03-01-07-01-01-02-20.wav,20,F,disgust,normal,1,2
03-01-07-01-02-01-20.wav,20,F,disgust,normal,2,1
03-01-07-01-02-02-20.wav,20,F,disgust,normal,2,2
03-01-07-02-01-01-20.wav,20,F,disgust,strong,1,1
03-01-07-02-01-02-20.wav,20,F,disgust,strong,1,2
03-01-07-02-02-01-20.wav,20,F,disgust,strong,2,1
03-01-07-02-02-02-20.wav,20,F,disgust,strong,2,2
03-01-08-01-01-01-20.wav,20,F,surprised,normal,1,1
03-01-08-01-01-02-20.wav,20,F,surprised,normal,1,2
03-01-08-01-02-01-20.wav,20,F,surprised,normal,2,1
03-01-08-01-02-02-20.wav,20,F,surprised,normal,2,2
03-01-08-02-01-01-20.wav,20,F,surprised,strong,1,1
03-01-08-02-01-02-20.wav,20,F,surprised,strong,1,2
03-01-08-02-02-01-20.wav,20,F,surprised,strong,2,1
03-01-08-02-02-02-20.wav,20,F,surprised,strong,2,2
03-01-01-01-01-01-21.wav,21,M,neutral,normal,1,1
03-01-01-01-01-02-21.wav,21,M,neutral,normal,1,2
03-01-01-01-02-01-21.wav,21,M,neutral,normal,2,1
03-01-01-01-02-02-21.wav,21,M,neutral,normal,2,2
03-01-02-01-01-01-21.wav,21,M,calm,normal,1,1
03-01-02-01-01-02-21.wav,21,M,calm,normal,1,2
03-01-02-01-02-01-21.wav,21,M,calm,normal,2,1
03-01-02-01-02-02-21.wav,21,M,calm,normal,2,2
03-01-02-02-01-01-21.wav,21,M,calm,strong,1,1
03-01-02-02-01-02-21.wav,21,M,calm,strong,1,2
03-01-02-02-02-01-21.wav,21,M,calm,strong,2,1
03-01-02-02-02-02-21.wav,21,M,calm,strong,2,2
03-01-03-01-01-01-21.wav,21,M,happy,normal,1,1
03-01-03-01-01-02-21.wav,21,M,happy,normal,1,2
03-01-03-01-02-01-21.wav,21,M,happy,normal,2,1
03-01-03-01-02-02-21.wav,21,M,happy,normal,2,2
03-01-03-02-01-01-21.wav,21,M,happy,strong,1,1
03-01-03-02-01-02-21.wav,21,M,happy,strong,1,2
03-01-03-02-02-01-21.wav,21,M,happy,strong,2,1
03-01-03-02-02-02-21.wav,21,M,happy,strong,2,2
03-01-04-01-01-01-21.wav,21,M,sad,normal,1,1
03-01-04-01-01-02-21.wav,21,M,sad,normal,1,2
03-01-04-01-02-01-21.wav,21,M,sad,normal,2,1
03-01-04-01-02-02-21.wav,21,M,sad,normal,2,2
03-01-04-02-01-01-21.wav,21,M,sad,strong,1,1
03-01-04-02-01-02-21.wav,21,M,sad,strong,1,2
03-01-04-02-02-01-21.wav,21,M,sad,strong,2,1
03-01-04-02-02-02-21.wav,21,M,sad,strong,2,2
03-01-05-01-01-01-21.wav,21,M,angry,normal,1,1
03-01-05-01-01-02-21.wav,21,M,angry,normal,1,2
03-01-05-01-02-01-21.wav,21,M,angry,normal,2,1
03-01-05-01-02-02-21.wav,21,M,angry,normal,2,2
03-01-05-02-01-01-21.wav,21,M,angry,strong,1,1
03-01-05-02-01-02-21.wav,21,M,angry,strong,1,2
03-01-05-02-02-01-21.wav,21,M,angry,strong,2,1
03-01-05-02-02-02-21.wav,21,M,angry,strong,2,2
03-01-06-01-01-01-21.wav,21,M,fearful,normal,1,1
03-01-06-01-01-02-21.wav,21,M,fearful,normal,1,2
03-01-06-01-02-01-21.wav,21,M,fearful,normal,2,1
03-01-06-01-02-02-21.wav,21,M,fearful,normal,2,2
03-01-06-02-01-01-21.wav,21,M,fearful,strong,1,1
03-01-06-02-01-02-21.wav,21,M,fearful,strong,1,2
03-01-06-02-02-01-21.wav,21,M,fearful,strong,2,1
03-01-06-02-02-02-21.wav,21,M,fearful,strong,2,2
03-01-07-01-01-01-21.wav,21,M,disgust,normal,1,1
03-01-07-01-01-02-21.wav,21,M,disgust,normal,1,2
03-01-07-01-02-01-21.wav,21,M,disgust,normal,2,1
03-01-07-01-02-02-21.wav,21,M,disgust,normal,2,2
03-01-07-02-01-01-21.wav,21,M,disgust,strong,1,1
03-01-07-02-01-02-21.wav,21,M,disgust,strong,1,2
03-01-07-02-02-01-21.wav,21,M,disgust,strong,2,1
03-01-07-02-02-02-21.wav,21,M,disgust,strong,2,2
03-01-08-01-01-01-21.wav,21,M,surprised,normal,1,1
03-01-08-01-01-02-21.wav,21,M,surprised,normal,1,2
03-01-08-01-02-01-21.wav,21,M,surprised,normal,2,1
03-01-08-01-02-02-21.wav,21,M,surprised,normal,2,2
03-01-08-02-01-01-21.wav,21,M,surprised,strong,1,1
03-01-08-02-01-02-21.wav,21,M,surprised,strong,1,2
03-01-08-02-02-01-21.wav,21,M,surprised,strong,2,1
03-01-08-02-02-02-21.wav,21,M,surprised,strong,2,2
03-01-01-01-01-01-22.wav,22,F,neutral,normal,1,1
03-01-01-01-01-02-22.wav,22,F,neutral,normal,1,2
03-01-01-01-02-01-22.wav,22,F,neutral,normal,2,1
03-01-01-01-02-02-22.wav,22,F,neutral,normal,2,2
03-01-02-01-01-01-22.wav,22,F,calm,normal,1,1
03-01-02-01-01-02-22.wav,22,F,calm,normal,1,2
03-01-02-01-02-01-22.wav,22,F,calm,normal,2,1
03-01-02-01-02-02-22.wav,22,F,calm,normal,2,2
03-01-02-02-01-01-22.wav,22,F,calm,strong,1,1
03-01-02-02-01-02-22.wav,22,F,calm,strong,1,2
03-01-02-02-02-01-22.wav,22,F,calm,strong,2,1
03-01-02-02-02-02-22.wav,22,F,calm,strong,2,2
03-01-03-01-01-01-22.wav,22,F,happy,normal,1,1
03-01-03-01-01-02-22.wav,22,F,happy,normal,1,2
03-01-03-01-02-01-22.wav,22,F,happy,normal,2,1
03-01-03-01-02-02-22.wav,22,F,happy,normal,2,2
03-01-03-02-01-01-22.wav,22,F,happy,strong,1,1
03-01-03-02-01-02-22.wav,22,F,happy,strong,1,2
03-01-03-02-02-01-22.wav,22,F,happy,strong,2,1
03-01-03-02-02-02-22.wav,22,F,happy,strong,2,2
03-01-04-01-01-01-22.wav,22,F,sad,normal,1,1
03-01-04-01-01-02-22.wav,22,F,sad,normal,1,2
03-01-04-01-02-01-22.wav,22,F,sad,normal,2,1
03-01-04-01-02-02-22.wav,22,F,sad,normal,2,2
03-01-04-02-01-01-22.wav,22,F,sad,strong,1,1
03-01-04-02-01-02-22.wav,22,F,sad,strong,1,2
03-01-04-02-02-01-22.wav,22,F,sad,strong,2,1
03-01-04-02-02-02-22.wav,22,F,sad,strong,2,2
03-01-05-01-01-01-22.wav,22,F,angry,normal,1,1
03-01-05-01-01-02-22.wav,22,F,angry,normal,1,2
03-01-05-01-02-01-22.wav,22,F,angry,normal,2,1
03-01-05-01-02-02-22.wav,22,F,angry,normal,2,2
03-01-05-02-01-01-22.wav,22,F,angry,strong,1,1
03-01-05-02-01-02-22.wav,22,F,angry,strong,1,2
03-01-05-02-02-01-22.wav,22,F,angry,strong,2,1
03-01-05-02-02-02-22.wav,22,F,angry,strong,2,2
03-01-06-01-01-01-22.wav,22,F,fearful,normal,1,1
03-01-06-01-01-02-22.wav,22,F,fearful,normal,1,2
03-01-06-01-02-01-22.wav,22,F,fearful,normal,2,1
03-01-06-01-02-02-22.wav,22,F,fearful,normal,2,2
03-01-06-02-01-01-22.wav,22,F,fearful,strong,1,1
03-01-06-02-01-02-22.wav,22,F,fearful,strong,1,2
03-01-06-02-02-01-22.wav,22,F,fearful,strong,2,1
03-01-06-02-02-02-22.wav,22,F,fearful,strong,2,2
03-01-07-01-01-01-22.wav,22,F,disgust,normal,1,1
03-01-07-01-01-02-22.wav,22,F,disgust,normal,1,2
03-01-07-01-02-01-22.wav,22,F,disgust,normal,2,1
03-01-07-01-02-02-22.wav,22,F,disgust,normal,2,2
03-01-07-02-01-01-22.wav,22,F,disgust,strong,1,1
03-01-07-02-01-02-22.wav,22,F,disgust,strong,1,2
03-01-07-02-02-01-22.wav,22,F,disgust,strong,2,1
03-01-07-02-02-02-22.wav,22,F,disgust,strong,2,2
03-01-08-01-01-01-22.wav,22,F,surprised,normal,1,1
03-01-08-01-01-02-22.wav,22,F,surprised,normal,1,2
03-01-08-01-02-01-22.wav,22,F,surprised,normal,2,1
03-01-08-01-02-02-22.wav,22,F,surprised,normal,2,2
03-01-08-02-01-01-22.wav,22,F,surprised,strong,1,1
03-01-08-02-01-02-22.wav,22,F,surprised,strong,1,2
03-01-08-02-02-01-22.wav,22,F,surprised,strong,2,1
03-01-08-02-02-02-22.wav,22,F,surprised,strong,2,2
03-01-01-01-01-01-23.wav,23,M,neutral,normal,1,1
03-01-01-01-01-02-23.wav,23,M,neutral,normal,1,2
03-01-01-01-02-01-23.wav,23,M,neutral,normal,2,1
03-01-01-01-02-02-23.wav,23,M,neutral,normal,2,2
03-01-02-01-01-01-23.wav,23,M,calm,normal,1,1
03-01-02-01-01-02-23.wav,23,M,calm,normal,1,2
03-01-02-01-02-01-23.wav,23,M,calm,normal,2,1
03-01-02-01-02-02-23.wav,23,M,calm,normal,2,2
03-01-02-02-01-01-23.wav,23,M,calm,strong,1,1
03-01-02-02-01-02-23.wav,23,M,calm,strong,1,2
03-01-02-02-02-01-23.wav,23,M,calm,strong,2,1
03-01-02-02-02-02-23.wav,23,M,calm,strong,2,2
03-01-03-01-01-01-23.wav,23,M,happy,normal,1,1
03-01-03-01-01-02-23.wav,23,M,happy,normal,1,2
03-01-03-01-02-01-23.wav,23,M,happy,normal,2,1
03-01-03-01-02-02-23.wav,23,M,happy,normal,2,2
03-01-03-02-01-01-23.wav,23,M,happy,strong,1,1
03-01-03-02-01-02-23.wav,23,M,happy,strong,1,2
03-01-03-02-02-01-23.wav,23,M,happy,strong,2,1
03-01-03-02-02-02-23.wav,23,M,happy,strong,2,2
03-01-04-01-01-01-23.wav,23,M,sad,normal,1,1
03-01-04-01-01-02-23.wav,23,M,sad,normal,1,2
03-01-04-01-02-01-23.wav,23,M,sad,normal,2,1
03-01-04-01-02-02-23.wav,23,M,sad,normal,2,2
03-01-04-02-01-01-23.wav,23,M,sad,strong,1,1
03-01-04-02-01-02-23.wav,23,M,sad,strong,1,2
03-01-04-02-02-01-23.wav,23,M,sad,strong,2,1
03-01-04-02-02-02-23.wav,23,M,sad,strong,2,2
03-01-05-01-01-01-23.wav,23,M,angry,normal,1,1
03-01-05-01-01-02-23.wav,23,M,angry,normal,1,2
03-01-05-01-02-01-23.wav,23,M,angry,normal,2,1
03-01-05-01-02-02-23.wav,23,M,angry,normal,2,2
03-01-05-02-01-01-23.wav,23,M,angry,strong,1,1
03-01-05-02-01-02-23.wav,23,M,angry,strong,1,2
03-01-05-02-02-01-23.wav,23,M,angry,strong,2,1
03-01-05-02-02-02-23.wav,23,M,angry,strong,2,2
03-01-06-01-01-01-23.wav,23,M,fearful,normal,1,1
03-01-06-01-01-02-23.wav,23,M,fearful,normal,1,2
03-01-06-01-02-01-23.wav,23,M,fearful,normal,2,1
03-01-06-01-02-02-23.wav,23,M,fearful,normal,2,2
03-01-06-02-01-01-23.wav,23,M,fearful,strong,1,1
03-01-06-02-01-02-23.wav,23,M,fearful,strong,1,2
03-01-06-02-02-01-23.wav,23,M,fearful,strong,2,1
03-01-06-02-02-02-23.wav,23,M,fearful,strong,2,2
03-01-07-01-01-01-23.wav,23,M,disgust,normal,1,1
03-01-07-01-01-02-23.wav,23,M,disgust,normal,1,2
03-01-07-01-02-01-23.wav,23,M,disgust,normal,2,1
03-01-07-01-02-02-23.wav,23,M,disgust,normal,2,2
03-01-07-02-01-01-23.wav,23,M,disgust,strong,1,1
03-01-07-02-01-02-23.wav,23,M,disgust,strong,1,2
03-01-07-02-02-01-23.wav,23,M,disgust,strong,2,1
03-01-07-02-02-02-23.wav,23,M,disgust,strong,2,2
03-01-08-01-01-01-23.wav,23,M,surprised,normal,1,1
03-01-08-01-01-02-23.wav,23,M,surprised,normal,1,2
03-01-08-01-02-01-23.wav,23,M,surprised,normal,2,1
03-01-08-01-02-02-23.wav,23,M,surprised,normal,2,2
03-01-08-02-01-01-23.wav,23,M,surprised,strong,1,1
03-01-08-02-01-02-23.wav,23,M,surprised,strong,1,2
03-01-08-02-02-01-23.wav,23,M,surprised,strong,2,1
03-01-08-02-02-02-23.wav,23,M,surprised,strong,2,2
03-01-01-01-01-01-24.wav,24,F,neutral,normal,1,1
03-01-01-01-01-02-24.wav,24,F,neutral,normal,1,2
03-01-01-01-02-01-24.wav,24,F,neutral,normal,2,1
03-01-01-01-02-02-24.wav,24,F,neutral,normal,2,2
03-01-02-01-01-01-24.wav,24,F,calm,normal,1,1
03-01-02-01-01-02-24.wav,24,F,calm,normal,1,2
03-01-02-01-02-01-24.wav,24,F,calm,normal,2,1
03-01-02-01-02-02-24.wav,24,F,calm,normal,2,2
03-01-02-02-01-01-24.wav,24,F,calm,strong,1,1
03-01-02-02-01-02-24.wav,24,F,calm,strong,1,2
03-01-02-02-02-01-24.wav,24,F,calm,strong,2,1
03-01-02-02-02-02-24.wav,24,F,calm,strong,2,2
03-01-03-01-01-01-24.wav,24,F,happy,normal,1,1
03-01-03-01-01-02-24.wav,24,F,happy,normal,1,2
03-01-03-01-02-01-24.wav,24,F,happy,normal,2,1
03-01-03-01-02-02-24.wav,24,F,happy,normal,2,2
03-01-03-02-01-01-24.wav,24,F,happy,strong,1,1
03-01-03-02-01-02-24.wav,24,F,happy,strong,1,2
03-01-03-02-02-01-24.wav,24,F,happy,strong,2,1
03-01-03-02-02-02-24.wav,24,F,happy,strong,2,2
03-01-04-01-01-01-24.wav,24,F,sad,normal,1,1
03-01-04-01-01-02-24.wav,24,F,sad,normal,1,2
03-01-04-01-02-01-24.wav,24,F,sad,normal,2,1
03-01-04-01-02-02-24.wav,24,F,sad,normal,2,2
03-01-04-02-01-01-24.wav,24,F,sad,strong,1,1
03-01-04-02-01-02-24.wav,24,F,sad,strong,1,2
03-01-04-02-02-01-24.wav,24,F,sad,strong,2,1
03-01-04-02-02-02-24.wav,24,F,sad,strong,2,2
03-01-05-01-01-01-24.wav,24,F,angry,normal,1,1
03-01-05-01-01-02-24.wav,24,F,angry,normal,1,2
03-01-05-01-02-01-24.wav,24,F,angry,normal,2,1
03-01-05-01-02-02-24.wav,24,F,angry,normal,2,2
03-01-05-02-01-01-24.wav,24,F,angry,strong,1,1
03-01-05-02-01-02-24.wav,24,F,angry,strong,1,2
03-01-05-02-02-01-24.wav,24,F,angry,strong,2,1
03-01-05-02-02-02-24.wav,24,F,angry,strong,2,2
03-01-06-01-01-01-24.wav,24,F,fearful,normal,1,1
03-01-06-01-01-02-24.wav,24,F,fearful,normal,1,2
03-01-06-01-02-01-24.wav,24,F,fearful,normal,2,1
03-01-06-01-02-02-24.wav,24,F,fearful,normal,2,2
03-01-06-02-01-01-24.wav,24,F,fearful,strong,1,1
03-01-06-02-01-02-24.wav,24,F,fearful,strong,1,2
03-01-06-02-02-01-24.wav,24,F,fearful,strong,2,1
03-01-06-02-02-02-24.wav,24,F,fearful,strong,2,2
03-01-07-01-01-01-24.wav,24,F,disgust,normal,1,1
03-01-07-01-01-02-24.wav,24,F,disgust,normal,1,2
03-01-07-01-02-01-24.wav,24,F,disgust,normal,2,1
03-01-07-01-02-02-24.wav,24,F,disgust,normal,2,2
03-01-07-02-01-01-24.wav,24,F,disgust,strong,1,1
03-01-07-02-01-02-24.wav,24,F,disgust,strong,1,2
03-01-07-02-02-01-24.wav,24,F,disgust,strong,2,1
03-01-07-02-02-02-24.wav,24,F,disgust,strong,2,2
03-01-08-01-01-01-24.wav,24,F,surprised,normal,1,1
03-01-08-01-01-02-24.wav,24,F,surprised,normal,1,2
03-01-08-01-02-01-24.wav,24,F,surprised,normal,2,1
03-01-08-01-02-02-24.wav,24,F,surprised,normal,2,2
03-01-08-02-01-01-24.wav,24,F,surprised,strong,1,1
03-01-08-02-01-02-24.wav,24,F,surprised,strong,1,2
03-01-08-02-02-01-24.wav,24,F,surprised,strong,2,1
03-01-08-02-02-02-24.wav,24,F,surprised,strong,2,2
